-- phpMyAdmin SQL Dump
-- version 4.0.4
-- http://www.phpmyadmin.net
--
-- Servidor: localhost
-- Tiempo de generación: 04-11-2013 a las 20:26:07
-- Versión del servidor: 5.6.12-log
-- Versión de PHP: 5.4.12

SET SQL_MODE = "NO_AUTO_VALUE_ON_ZERO";
SET time_zone = "+00:00";


/*!40101 SET @OLD_CHARACTER_SET_CLIENT=@@CHARACTER_SET_CLIENT */;
/*!40101 SET @OLD_CHARACTER_SET_RESULTS=@@CHARACTER_SET_RESULTS */;
/*!40101 SET @OLD_COLLATION_CONNECTION=@@COLLATION_CONNECTION */;
/*!40101 SET NAMES utf8 */;

--
-- Base de datos: `db_localidad`
--
CREATE DATABASE IF NOT EXISTS `db_localidad` DEFAULT CHARACTER SET utf8 COLLATE utf8_general_ci;
USE `db_localidad`;

-- --------------------------------------------------------

--
-- Estructura de tabla para la tabla `departamento`
--

CREATE TABLE IF NOT EXISTS `departamento` (
  `id_departamento` smallint(6) NOT NULL,
  `departamento` varchar(60) NOT NULL,
  `id_provincia` smallint(6) NOT NULL,
  PRIMARY KEY (`id_departamento`),
  KEY `id_departamento` (`id_departamento`),
  KEY `id_provincia` (`id_provincia`)
) ENGINE=InnoDB DEFAULT CHARSET=utf8;

--
-- Volcado de datos para la tabla `departamento`
--

INSERT INTO `departamento` (`id_departamento`, `departamento`, `id_provincia`) VALUES
(7, 'BELGRANO                                ', 82),
(14, 'CASEROS                                 ', 82),
(21, 'CASTELLANOS                             ', 82),
(28, 'CONSTITUCION                            ', 82),
(35, 'GARAY                                   ', 82),
(42, 'GENERAL LOPEZ                           ', 82),
(49, 'GENERAL OBLIGADO                        ', 82),
(56, 'IRIONDO                                 ', 82),
(63, 'LA CAPITAL                              ', 82),
(70, 'LAS COLONIAS                            ', 82),
(77, '9 DE JULIO                              ', 82),
(84, 'ROSARIO                                 ', 82),
(91, 'SAN CRISTOBAL                           ', 82),
(98, 'SAN JAVIER                              ', 82),
(105, 'SAN JERONIMO                            ', 82),
(112, 'SAN JUSTO                               ', 82),
(119, 'SAN LORENZO                             ', 82),
(126, 'SAN MARTIN                              ', 82),
(133, 'VERA                                    ', 82),
(998, 'INDETERMINADO                           ', 82),
(999, 'SIN DECLARAR                            ', 82);

-- --------------------------------------------------------

--
-- Estructura de tabla para la tabla `localidad`
--

CREATE TABLE IF NOT EXISTS `localidad` (
  `id_localidad` int(11) NOT NULL,
  `localidad` varchar(60) NOT NULL,
  `id_provincia` smallint(6) NOT NULL,
  `id_departamento` smallint(11) NOT NULL,
  `caract_telefonica` int(11) NOT NULL,
  `codigo_postal` int(11) NOT NULL,
  `id_pais` int(11) NOT NULL,
  PRIMARY KEY (`id_localidad`),
  KEY `id_provincia` (`id_provincia`,`id_departamento`),
  KEY `id_departamento` (`id_departamento`),
  KEY `id_departamento_2` (`id_departamento`)
) ENGINE=InnoDB DEFAULT CHARSET=utf8;

--
-- Volcado de datos para la tabla `localidad`
--

INSERT INTO `localidad` (`id_localidad`, `localidad`, `id_provincia`, `id_departamento`, `caract_telefonica`, `codigo_postal`, `id_pais`) VALUES
(639, 'ISLA EL ESPINILLO', 82, 84, 0, 2000, 10),
(640, 'NUEVO ALBERDI', 82, 84, 341, 2000, 10),
(641, 'ESTACION EL GAUCHO', 82, 84, 0, 2000, 10),
(642, 'BAJO HONDO', 82, 84, 341, 2000, 10),
(643, 'ROSARIO', 82, 84, 341, 2000, 10),
(644, 'BARRIO BELGRANO', 82, 84, 0, 2000, 10),
(645, 'ANDINO', 82, 84, 0, 2215, 10),
(646, 'BARRIO GODOY', 82, 84, 0, 2000, 10),
(647, 'BARRIO LAS DELICIAS', 82, 84, 0, 2000, 10),
(648, 'BARRIO TABLADA', 82, 84, 341, 2000, 10),
(649, 'BARRIO TIRO SUIZO', 82, 84, 0, 2000, 10),
(650, 'FISHERTON', 82, 84, 0, 2000, 10),
(651, 'ALBARELLOS', 82, 84, 3402, 2101, 10),
(652, 'VILLA AMELIA', 82, 84, 3402, 2101, 10),
(653, 'PARAJE EL CARAMELO', 82, 84, 3402, 2101, 10),
(654, 'EST. MONTE FLORES', 82, 84, 3402, 2101, 10),
(655, 'VILLA AMELIA-Z.R.', 82, 84, 3402, 2101, 10),
(656, 'CORONEL BOGADO', 82, 84, 3402, 2103, 10),
(657, 'JUAN B MOLINA', 82, 28, 3460, 2103, 10),
(658, 'CA', 82, 28, 3460, 2105, 10),
(659, 'CEPEDA', 82, 28, 0, 2105, 10),
(660, 'LA CAROLINA', 82, 84, 358, 2105, 10),
(661, 'SARGENTO CABRAL', 82, 28, 3460, 2105, 10),
(662, 'URANGA', 82, 84, 3469, 2105, 10),
(663, 'ESTACION STEPHENSON', 82, 28, 3460, 2105, 10),
(664, 'CORONEL DOMINGUEZ', 82, 84, 3402, 2105, 10),
(665, 'LA VANGUARDIA', 82, 28, 0, 2105, 10),
(666, 'CAMPO PALACIOS', 82, 28, 3460, 2105, 10),
(667, 'ALVAREZ', 82, 84, 341, 2107, 10),
(668, 'SOLDINI', 82, 84, 341, 2107, 10),
(669, 'CAMPO LOMA VERDE', 82, 84, 0, 2107, 10),
(670, 'ACEBAL', 82, 84, 3469, 2109, 10),
(671, 'PAVON ARRIBA', 82, 28, 3469, 2110, 10),
(672, 'CAMPO LA MALAGUE#A', 82, 28, 3469, 2109, 10),
(673, 'CARMEN DEL SAUCE', 82, 84, 3469, 2109, 10),
(674, 'CUATRO ESQUINAS', 82, 14, 0, 2109, 10),
(675, 'SANTA TERESA', 82, 28, 3460, 2111, 10),
(676, 'CAMPO MONTES', 82, 28, 3460, 2111, 10),
(677, 'ESTACION FRANCISCO PAZ', 82, 28, 3460, 2111, 10),
(678, 'PEYRANO', 82, 28, 3460, 2113, 10),
(679, 'MAXIMO PAZ', 82, 28, 3460, 2115, 10),
(680, 'COLONIA NORTE', 82, 28, 0, 2115, 10),
(681, 'COLONIA OTHIL', 82, 28, 3465, 2115, 10),
(682, 'CAMPO REYBERT', 82, 28, 0, 2115, 10),
(683, 'ALCORTA', 82, 28, 3465, 2117, 10),
(684, 'COLONIA LA ADELA', 82, 28, 3465, 2117, 10),
(685, 'COLONIA LA ELOISA', 82, 28, 0, 2117, 10),
(686, 'COLONIA LOS LEONES', 82, 28, 0, 2117, 10),
(687, 'ARMINDA', 82, 84, 3469, 2119, 10),
(688, 'MAIZALES', 82, 119, 0, 2119, 10),
(689, 'PINERO', 82, 84, 341, 2119, 10),
(690, 'PUEBLO MU', 82, 84, 3469, 2119, 10),
(691, 'PEREZ', 82, 84, 341, 2121, 10),
(692, 'VILLA AMERICA', 82, 84, 0, 2121, 10),
(693, 'CABIN 9', 82, 84, 341, 2121, 10),
(694, 'CAMPO CALVO', 82, 119, 0, 2123, 10),
(695, 'CORONEL ARNOLD', 82, 119, 341, 2123, 10),
(696, 'FUENTES', 82, 119, 3464, 2123, 10),
(697, 'PUJATO', 82, 119, 3464, 2123, 10),
(698, 'ZAVALLA', 82, 84, 341, 2123, 10),
(699, 'CAMPO MARZIALI', 82, 119, 3464, 2123, 10),
(700, 'CPO.LA ELVIRA', 82, 84, 0, 2123, 10),
(701, 'PARQUE VILLARINO', 82, 84, 0, 2123, 10),
(702, 'CAMPO LURASCHI', 82, 119, 0, 2123, 10),
(703, 'CAMPO RISSO', 82, 119, 3464, 2123, 10),
(704, 'CAMPO GIORGIO', 82, 119, 0, 2123, 10),
(705, 'CAMPO AROCENA', 82, 119, 0, 2123, 10),
(706, 'VILLA DIEGO', 82, 84, 341, 2124, 10),
(707, 'VILLA GOBERNADOR GALVEZ', 82, 84, 341, 2124, 10),
(708, 'PUEBLO NUEVO', 82, 84, 341, 2124, 10),
(709, 'ALVEAR', 82, 84, 341, 2126, 10),
(710, 'FIGHIERA', 82, 84, 3402, 2126, 10),
(711, 'GENERAL LAGOS', 82, 84, 3402, 2126, 10),
(712, 'PUEBLO ESTHER', 82, 84, 3402, 2126, 10),
(713, 'MONTE FLORES', 82, 84, 0, 2126, 10),
(714, 'COLONIA ESCRIBANO', 82, 84, 3402, 2126, 10),
(715, 'CHACRAS DE FIGHIERA', 82, 84, 0, 2126, 10),
(716, 'AVEAR-Z.R.', 82, 84, 341, 2126, 10),
(717, 'ARROYO SECO', 82, 84, 3402, 2128, 10),
(718, 'COLONIA FILIBERTI', 82, 84, 0, 2128, 10),
(719, 'PARAJE EL OMBU', 82, 84, 3402, 2128, 10),
(720, 'ARROYO SECO-Z.R.', 82, 84, 3402, 2128, 10),
(721, 'FUNES', 82, 84, 341, 2132, 10),
(722, 'FUNES Z.R.', 82, 84, 341, 2132, 10),
(723, 'ROLDAN', 82, 119, 341, 2134, 10),
(724, 'SAN JERONIMO SUR', 82, 119, 341, 2136, 10),
(725, 'CARCARA', 82, 119, 341, 2138, 10),
(726, 'COLONIA EL CARMEN', 82, 42, 0, 2138, 10),
(727, 'CAMPO MEDINA', 82, 56, 0, 2142, 10),
(728, 'CAMPO YGLINA', 82, 119, 0, 2142, 10),
(729, 'IBARLUCEA', 82, 84, 341, 2142, 10),
(730, 'LUCIO V LOPEZ', 82, 56, 3476, 2142, 10),
(731, 'LUIS PALACIOS', 82, 119, 3476, 2142, 10),
(732, 'SALTO GRANDE', 82, 56, 3476, 2142, 10),
(733, 'VICENTE A ECHEVERRIA', 82, 119, 0, 2142, 10),
(734, 'CAMPO CORDONI', 82, 56, 0, 2142, 10),
(735, 'CAMPO RASETTO', 82, 56, 3476, 2142, 10),
(736, 'COLONIA EL CARMEN DPTO IRIONDO', 82, 56, 3471, 2142, 10),
(737, 'ESTACION LA SALADA', 82, 119, 0, 2142, 10),
(738, 'COLONIA MEDICI', 82, 56, 3476, 2144, 10),
(739, 'LARGUIA', 82, 56, 0, 2144, 10),
(740, 'TOTORAS', 82, 56, 3476, 2144, 10),
(741, 'CAMPO BARBERO', 82, 56, 3476, 2144, 10),
(742, 'CAMPO LASSAGA', 82, 56, 0, 2144, 10),
(743, 'CAMPO ROVETTO', 82, 56, 0, 2144, 10),
(744, 'CPO. PELLI', 82, 56, 3476, 2144, 10),
(745, 'CLASSON', 82, 56, 3471, 2146, 10),
(746, 'SAN GENARO', 82, 105, 3401, 2146, 10),
(747, 'CAMPO GALETO', 82, 105, 0, 2146, 10),
(748, 'CAMPO EL ENSAYO', 82, 56, 3476, 2146, 10),
(749, 'CAMPO LA GERMANIA', 82, 56, 0, 2146, 10),
(750, 'CAMPO CALCATERRA', 82, 56, 3401, 2146, 10),
(751, 'SAN GENARO NORTE', 82, 105, 3471, 2147, 10),
(752, 'CAMPO PIERELLA', 82, 105, 0, 2147, 10),
(753, 'LA VASCONIA', 82, 105, 0, 2147, 10),
(754, 'NVA COLONIA LAS ESTACAS', 82, 105, 0, 2147, 10),
(755, 'CAMPO CASTRO', 82, 126, 3401, 2148, 10),
(756, 'CASAS', 82, 126, 3401, 2148, 10),
(757, 'CENTENO', 82, 105, 3401, 2148, 10),
(758, 'LAS BANDURRIAS', 82, 126, 3401, 2148, 10),
(759, 'VILLA GUASTALLA', 82, 105, 0, 2148, 10),
(760, 'CAMPO GAITANO', 82, 105, 0, 2148, 10),
(761, 'CAMPO LA LOLILLA', 82, 105, 3401, 2148, 10),
(762, 'COLONIA SAN EDUARDO', 82, 105, 0, 2148, 10),
(763, 'CAMPO CRAVERO', 82, 126, 0, 2148, 10),
(764, 'GRANADERO BAIGORRIA', 82, 84, 341, 2152, 10),
(765, 'CAPITAN BERMUDEZ', 82, 119, 341, 2154, 10),
(766, 'VILLA CASSINI', 82, 119, 0, 2154, 10),
(767, 'FRAY LUIS BELTRAN', 82, 119, 341, 2156, 10),
(768, 'GRANADEROS', 82, 119, 3891, 2156, 10),
(769, 'VILLA GARIBALDI', 82, 119, 0, 2156, 10),
(770, 'VILLA MARGARITA', 82, 119, 0, 2156, 10),
(772, 'BARRIO NUEVA ROMA', 82, 14, 0, 2170, 10),
(773, 'CASILDA', 82, 14, 3464, 2170, 10),
(774, 'COLONIA CANDELARIA', 82, 14, 3464, 2170, 10),
(775, 'COLONIA DESMOCHADO AFUERA', 82, 14, 3464, 2170, 10),
(776, 'COLONIA LAS FLORES', 82, 14, 3464, 2170, 10),
(777, 'CHABAS', 82, 14, 3464, 2173, 10),
(778, 'COL. LOS PRADOS', 82, 14, 0, 2173, 10),
(779, 'SANFORD', 82, 14, 3464, 2174, 10),
(780, 'VILLADA', 82, 14, 3465, 2173, 10),
(781, 'COLONIA LAS LONJAS', 82, 14, 3465, 2173, 10),
(782, 'COLONIA LOS PRADOS', 82, 14, 3465, 2173, 10),
(783, 'VILLA MUGUETA', 82, 119, 3464, 2175, 10),
(784, 'CAMPO LA CELIA(DPTO.S.LORENZO)', 82, 119, 0, 2175, 10),
(785, 'BIGAND', 82, 14, 3464, 2177, 10),
(786, 'BOMBAL', 82, 28, 3465, 2179, 10),
(787, 'CAMPO OTO BEMBERG', 82, 28, 3465, 2179, 10),
(788, 'CAMPO CUCCO-JUNCAL', 82, 28, 2473, 2179, 10),
(789, 'CAMPO CUCCO-BOMBAL', 82, 28, 3465, 2179, 10),
(790, 'LOS MOLINOS', 82, 14, 3464, 2181, 10),
(791, 'CAMPO FORESSI', 82, 14, 3464, 2181, 10),
(792, 'AREQUITO', 82, 14, 3464, 2183, 10),
(793, 'LA VIUDA', 82, 14, 0, 2183, 10),
(794, 'LOS NOGALES', 82, 14, 3467, 2183, 10),
(795, 'CAMPO LOS MOLLES', 82, 14, 0, 2183, 10),
(796, 'CAMPO FAVERO', 82, 14, 3464, 2183, 10),
(797, 'COLONIA LA POSTA DE AREQUITO', 82, 14, 3464, 2183, 10),
(798, 'CAMPO CRENNA', 82, 14, 0, 2185, 10),
(799, 'COLONIA TOSCANA 1RA.', 82, 14, 0, 2185, 10),
(800, 'COLONIA TOSCANA 2DA.', 82, 14, 0, 2185, 10),
(801, 'SAN JOSE DE LA ESQUINA', 82, 14, 3467, 2185, 10),
(802, 'ARTEAGA', 82, 14, 3467, 2187, 10),
(803, 'COLONIA IRIONDO', 82, 14, 0, 2187, 10),
(804, 'LAGO DI COMO', 82, 14, 3472, 2187, 10),
(806, 'CAMPO MUGUETA', 82, 28, 0, 2198, 10),
(807, 'SAN LORENZO', 82, 119, 3476, 2200, 10),
(808, 'RICARDONE', 82, 119, 3476, 2201, 10),
(809, 'BARRIO BELLA VISTA', 82, 84, 0, 2202, 10),
(810, 'CERANA', 82, 119, 0, 2202, 10),
(811, 'BELLA VISTA', 82, 119, 3476, 2202, 10),
(812, 'PUERTO GENERAL SAN MARTIN', 82, 119, 3476, 2202, 10),
(813, 'JESUS MARIA', 82, 119, 3525, 2204, 10),
(814, 'TIMBUES', 82, 119, 3476, 2204, 10),
(815, 'VILLA LA RIBERA', 82, 56, 3476, 2204, 10),
(816, 'PARAJE RIO A RIO', 82, 119, 0, 2204, 10),
(817, 'CAMPO CONTINENTAL', 82, 119, 0, 2204, 10),
(818, 'CAMPO MATEO', 82, 119, 3476, 2204, 10),
(819, 'OLIVEROS', 82, 56, 3476, 2206, 10),
(820, 'CAMPO ANANIA', 82, 56, 0, 2206, 10),
(821, 'CAMPO STANGAFERRO', 82, 56, 0, 2206, 10),
(822, 'CAMPO CORREA', 82, 56, 0, 2206, 10),
(823, 'GABOTO', 82, 105, 3476, 2208, 10),
(824, 'MACIEL', 82, 105, 3476, 2209, 10),
(825, 'PUERTO GABOTO', 82, 105, 3476, 2208, 10),
(826, 'ARROYO DEL MONJE', 82, 105, 0, 2208, 10),
(827, 'CAMPO CARLINO', 82, 105, 3476, 2208, 10),
(828, 'MONJE', 82, 105, 3466, 2212, 10),
(829, 'LA COSTA (DPTO SAN JERONIMO)', 82, 105, 0, 2212, 10),
(830, 'CAMPO SOTTI', 82, 105, 3466, 2212, 10),
(831, 'PUEBLO ANDINO', 82, 56, 3476, 2215, 10),
(832, 'ALDAO (DPTO.SAN LORENZO)', 82, 119, 3476, 2214, 10),
(833, 'SERODINO', 82, 56, 3476, 2216, 10),
(834, 'CAMPO MEROI', 82, 56, 0, 2216, 10),
(835, 'LAS TRES MARIAS', 82, 56, 3476, 2216, 10),
(836, 'CARRIZALES', 82, 56, 3476, 2218, 10),
(837, 'CLARKE', 82, 56, 0, 2218, 10),
(838, 'CAMPO BURKI', 82, 56, 0, 2218, 10),
(839, 'CAMPO ELENA', 82, 56, 3476, 2218, 10),
(840, 'DIAZ', 82, 105, 3466, 2222, 10),
(841, 'CAMPO BARATTI', 82, 105, 0, 2222, 10),
(842, 'LA PENCA(DPTO.SAN JERONIMO)', 82, 105, 0, 2222, 10),
(843, 'COLONIA CORONDINA', 82, 105, 0, 2240, 10),
(844, 'CORONDA', 82, 105, 342, 2240, 10),
(845, 'CAMPO ENGLER', 82, 105, 3404, 2240, 10),
(846, 'LOMAS DE CORONDA', 82, 105, 0, 2240, 10),
(847, 'CAMPO VICENS', 82, 105, 0, 2240, 10),
(848, 'ISLA LOS LAURELES', 82, 105, 0, 2240, 10),
(849, 'LARRECHEA(DTO.SAN JERONIMO)', 82, 105, 3404, 2241, 10),
(850, 'COLONIA LARRACHEA', 82, 105, 3404, 2241, 10),
(851, 'SAN EUGENIO', 82, 105, 3404, 2241, 10),
(852, 'AROCENA', 82, 105, 3466, 2242, 10),
(853, 'BARRIO CAIMA', 82, 105, 0, 2242, 10),
(854, 'DESVIO ARIJON', 82, 105, 342, 2242, 10),
(855, 'SAN FABIAN', 82, 105, 3466, 2242, 10),
(856, 'COLONIA AROCENA', 82, 105, 0, 2242, 10),
(857, 'LA CAIMA', 82, 105, 0, 2242, 10),
(858, 'RIO GRANDE', 82, 105, 2964, 2242, 10),
(859, 'CAMPO LEDESMA', 82, 105, 376, 2242, 10),
(860, 'BARRANCAS', 82, 105, 3466, 2246, 10),
(861, 'PUERTO ARAGON', 82, 105, 0, 2246, 10),
(862, 'CAMPO CEBALLOS', 82, 105, 3466, 2246, 10),
(863, 'CAMPO CALVET', 82, 105, 3466, 2246, 10),
(864, 'COLONIA BARRANCAS', 82, 105, 0, 2246, 10),
(865, 'BERNARDO DE IRIGOYEN', 82, 105, 3466, 2248, 10),
(866, 'CAMPO GENERO', 82, 105, 3404, 2248, 10),
(867, 'ESTACION IRIGOYEN', 82, 105, 3466, 2248, 10),
(868, 'IRIGOYEN', 82, 105, 3466, 2249, 10),
(869, 'COLONIA SANTA IRENE', 82, 105, 0, 2248, 10),
(870, 'CAMPO AIASSA', 82, 105, 0, 2248, 10),
(871, 'CAMPO RINALDI', 82, 105, 0, 2248, 10),
(872, 'CASALEGNO', 82, 105, 3466, 2248, 10),
(873, 'CAMPO PIAGGIO', 82, 105, 0, 2252, 10),
(874, 'G', 82, 105, 3404, 2252, 10),
(875, 'CAMPO ALDAO', 82, 105, 3404, 2252, 10),
(876, 'CAMPO SCAGLIA', 82, 105, 0, 2252, 10),
(877, 'CAMPO PIAGGIO-GALVEZ', 82, 105, 0, 2252, 10),
(878, 'CAMPO DOLCE', 82, 105, 0, 2252, 10),
(879, 'GESSLER', 82, 105, 3404, 2253, 10),
(880, 'LOMA ALTA', 82, 105, 3404, 2253, 10),
(881, 'OROQO', 82, 105, 3404, 2253, 10),
(882, 'CAMPO BENEDETTO', 82, 105, 3404, 2253, 10),
(883, 'CAMPO RODRIGUEZ GALISTEO', 82, 21, 0, 2255, 10),
(884, 'LOPEZ', 82, 105, 3404, 2255, 10),
(885, 'COL. SAN JOSE (SAN GERONIMO)', 82, 105, 342, 2255, 10),
(886, 'WILDERMOUTH', 82, 126, 3404, 2257, 10),
(887, 'COLONIA BELGRANO(DTO.S.MARTIN)', 82, 126, 3404, 2257, 10),
(888, 'CAMPO QUI', 82, 70, 3492, 2258, 10),
(889, 'SANTA CLARA', 82, 56, 0, 2258, 10),
(890, 'SANTA CLARA DE BUENA VISTA', 82, 70, 3404, 2258, 10),
(891, 'STA. CLARA DE BUENA VISTA Z.R.', 82, 70, 3404, 2258, 10),
(893, 'BARRIO PUZZI', 82, 21, 0, 2300, 10),
(894, 'RAFAELA Z.R.', 82, 21, 3492, 2300, 10),
(895, 'BELLA ITALIA', 82, 21, 3492, 2300, 10),
(896, 'RAFAELA', 82, 21, 3492, 2300, 10),
(897, 'FRONTERA - RAFAELA', 82, 21, 3564, 2300, 10),
(898, 'CAMPO RUBIOLO', 82, 21, 0, 2300, 10),
(899, 'VILLA S.ANTONIO', 82, 21, 0, 2301, 10),
(900, 'CASTELLANOS PLAZA', 82, 21, 3492, 2301, 10),
(901, 'COLONIA ITURRASPE', 82, 21, 0, 2301, 10),
(902, 'COLONIA ITURRASPE-Z.RURAL', 82, 21, 3492, 2301, 10),
(903, 'CASTELLANOS', 82, 21, 3492, 2301, 10),
(904, 'SAN ANTONIO', 82, 21, 3492, 2301, 10),
(905, 'CORONEL FRAGA', 82, 21, 3492, 2301, 10),
(906, 'EGUSQUIZA', 82, 21, 3492, 2301, 10),
(907, 'PRESIDENTE ROCA', 82, 21, 3492, 2301, 10),
(908, 'PUEBLO MARINI', 82, 21, 3492, 2301, 10),
(909, 'SAGUIER', 82, 21, 3492, 2301, 10),
(910, 'SUSANA', 82, 21, 3492, 2301, 10),
(911, 'VILA', 82, 21, 3492, 2301, 10),
(912, 'VILLA SAN JOSE', 82, 21, 3492, 2301, 10),
(913, 'RAMONA', 82, 21, 3492, 2301, 10),
(914, 'CAPILLA FASSI', 82, 21, 0, 2301, 10),
(915, 'CAMPO AUDERO', 82, 21, 0, 2301, 10),
(916, 'PLAZA PRESIDENTE ROCA', 82, 21, 0, 2301, 10),
(917, 'CAMPO LA CUMBRE', 82, 21, 0, 2301, 10),
(918, 'CPO.PIACENZA', 82, 21, 3492, 2301, 10),
(919, 'CAMPO BERTONE', 82, 21, 0, 2301, 10),
(920, 'SAN MIGUEL-DPTO.CASTELLANOS', 82, 21, 0, 2301, 10),
(921, 'COLONIA FIDELA-EST. CASABLANCA', 82, 21, 3492, 2301, 10),
(922, 'ANGELICA', 82, 21, 3492, 2303, 10),
(923, 'KILOMETRO 85', 82, 21, 0, 2303, 10),
(924, 'CAMPO BAUDINO', 82, 21, 3492, 2303, 10),
(925, 'ANGELICA Z. RURAL', 82, 21, 3492, 2303, 10),
(926, 'LEHMANN', 82, 21, 3492, 2305, 10),
(927, 'CAMPO GIACOSA', 82, 21, 0, 2305, 10),
(928, 'NUEVA LEHMANN', 82, 21, 3482, 2305, 10),
(929, 'ATALIVA', 82, 21, 3493, 2307, 10),
(930, 'CAMPO DARDATI', 82, 21, 0, 2307, 10),
(931, 'GALISTEO', 82, 21, 3493, 2307, 10),
(932, 'CAMPO LA NIEVE', 82, 21, 3493, 2307, 10),
(933, 'ATALIVA SUR', 82, 21, 3492, 2307, 10),
(934, 'HUMBERTO PRIMO', 82, 21, 3493, 2309, 10),
(935, 'REINA MARGARITA', 82, 21, 0, 2309, 10),
(936, 'SAN MIGUEL', 82, 21, 0, 2309, 10),
(937, 'COLONIA ROCCIA', 82, 21, 0, 2309, 10),
(938, 'TRES COLONIAS', 82, 21, 0, 2309, 10),
(939, 'CAMPO RODEO CHICO', 82, 21, 0, 2309, 10),
(940, 'LA MARAVITA', 82, 21, 0, 2309, 10),
(941, 'COLONIA REINA MARGARITA', 82, 21, 3493, 2309, 10),
(942, 'COLONIA CAPIVARA', 82, 91, 0, 2311, 10),
(943, 'CAPIVARA', 82, 91, 0, 2311, 10),
(944, 'CONSTANZA', 82, 91, 0, 2311, 10),
(945, 'ITUZAINGO', 82, 70, 0, 2311, 10),
(946, 'VIRGINIA', 82, 21, 3493, 2311, 10),
(947, 'MAHUA', 82, 21, 0, 2311, 10),
(948, 'COLONIA LORENZO TORRES', 82, 91, 0, 2311, 10),
(949, 'COLONIA ITUZAINGO', 82, 70, 0, 2311, 10),
(950, 'LA FRONTERA-SAN CRISTOBAL', 82, 91, 0, 2311, 10),
(951, 'CONSTANZA Z.R.', 82, 91, 0, 2311, 10),
(952, 'COLONIA MAHUA', 82, 21, 0, 2311, 10),
(953, 'MOISES VILLE', 82, 91, 3409, 2313, 10),
(954, 'COLONIA MUCHTNICK', 82, 91, 0, 2313, 10),
(955, 'COLONIA WAGELBERG', 82, 91, 0, 2313, 10),
(956, 'ESTACION SAGUIER', 82, 21, 3492, 2315, 10),
(957, 'ESTACION CASABLANCA', 82, 21, 3492, 2317, 10),
(958, 'COLONIA BICHA', 82, 21, 3493, 2317, 10),
(959, 'COLONIA BIGAND', 82, 21, 0, 2317, 10),
(960, 'EUSEBIA', 82, 21, 3493, 2317, 10),
(961, 'HUGENTHOBLER', 82, 21, 0, 2317, 10),
(962, 'FIDELA', 82, 21, 0, 2317, 10),
(963, 'COLONIA HUGENTHOBLER', 82, 21, 0, 2317, 10),
(964, 'COLONIA ALDAO', 82, 21, 3493, 2317, 10),
(965, 'ALDAO', 82, 21, 3476, 2317, 10),
(966, 'AURELIA', 82, 21, 3492, 2318, 10),
(967, 'AURELIA NORTE', 82, 21, 3492, 2318, 10),
(968, 'AURELIA SUD', 82, 21, 3492, 2318, 10),
(969, 'LA PENCA', 82, 70, 3498, 2318, 10),
(970, 'CABAQA EL CISNE', 82, 21, 0, 2322, 10),
(971, 'RAQUEL', 82, 21, 3493, 2322, 10),
(972, 'SUNCHALES', 82, 21, 3493, 2322, 10),
(973, 'CAMPO RISTORTO', 82, 21, 3493, 2322, 10),
(974, 'COLONIA LA MANUELITA', 82, 21, 3492, 2322, 10),
(975, 'KILOMETRO 129', 82, 21, 0, 2322, 10),
(976, 'COLONIA SUNCHALES', 82, 21, 0, 2322, 10),
(977, 'EL FORTIN', 82, 21, 3493, 2322, 10),
(978, 'TACURAL', 82, 21, 3493, 2324, 10),
(979, 'TACURALES', 82, 21, 3493, 2324, 10),
(980, 'TACURALES Z.R', 82, 21, 3493, 2324, 10),
(981, 'COLONIA TACURALES', 82, 21, 3562, 2324, 10),
(982, 'COLONIA BOSSI', 82, 91, 3409, 2326, 10),
(983, 'LAS PALMERAS', 82, 91, 3409, 2326, 10),
(984, 'PALACIOS', 82, 91, 3409, 2326, 10),
(985, 'COLONIA PALACIOS', 82, 91, 0, 2326, 10),
(986, 'COLONIA BOSSI-Z. RURAL', 82, 91, 0, 2326, 10),
(987, 'CERES', 82, 91, 3491, 2340, 10),
(988, 'CAMPO CAFFARO', 82, 91, 3491, 2340, 10),
(989, 'CAMPO GRILLO', 82, 91, 3491, 2340, 10),
(990, 'CAMPO DAVICINO', 82, 91, 0, 2340, 10),
(991, 'CAMPO MESHLER', 82, 91, 0, 2340, 10),
(992, 'EST. LA EMILIA', 82, 91, 3491, 2340, 10),
(993, 'COLONIA MONTEFIORE', 82, 77, 3491, 2341, 10),
(994, 'LA ELSA', 82, 77, 0, 2341, 10),
(995, 'LA MARINA', 82, 77, 0, 2341, 10),
(996, 'MONTEFIORE', 82, 77, 0, 2341, 10),
(997, 'CAMPO EL MATACO', 82, 91, 0, 2342, 10),
(998, 'CURUPAITY', 82, 91, 0, 2342, 10),
(999, 'LA RUBIA', 82, 91, 3491, 2342, 10),
(1000, 'MONIGOTES', 82, 91, 3409, 2342, 10),
(1001, 'CAMPO LA SIMONA', 82, 91, 0, 2342, 10),
(1002, 'CAMPO DALMASSO', 82, 91, 0, 2342, 10),
(1003, 'COLONIA CURUPAYTI', 82, 91, 0, 2342, 10),
(1004, 'COLONIA ALGARROBAL', 82, 91, 0, 2342, 10),
(1005, 'MONIGOTES SUR', 82, 91, 3409, 2342, 10),
(1006, 'MONIGOTES NORTE', 82, 91, 0, 2342, 10),
(1007, 'CURUPAITI Z.R.', 82, 91, 0, 2342, 10),
(1008, 'ARRUFO', 82, 91, 3491, 2344, 10),
(1009, 'SAN RAFAEL', 82, 91, 0, 2344, 10),
(1010, 'LA CRISTIANI', 82, 91, 0, 2344, 10),
(1011, 'EST. LOS PINOS', 82, 91, 0, 2344, 10),
(1012, 'CAMPO PAULON', 82, 91, 0, 2344, 10),
(1013, 'EST. LA DORA', 82, 91, 0, 2344, 10),
(1014, 'CAMPO BOTTO', 82, 91, 0, 2345, 10),
(1015, 'COLONIA ANA', 82, 91, 3562, 2345, 10),
(1016, 'VILLA TRINIDAD', 82, 91, 3491, 2345, 10),
(1017, 'EL CONDOR', 82, 91, 3491, 2345, 10),
(1018, 'PJE LA GLORIA', 82, 91, 3491, 2345, 10),
(1019, 'COLONIA ANA-Z. RURAL', 82, 91, 3562, 2345, 10),
(1020, 'COLONIA ROSA', 82, 91, 3562, 2347, 10),
(1021, 'SAN GUILLERMO-SAN CRISTOBAL', 82, 91, 3562, 2347, 10),
(1022, 'COLONIA LA SARITA', 82, 91, 3491, 2347, 10),
(1023, 'COLONIA MALMAN', 82, 91, 3562, 2347, 10),
(1024, 'CAMPO MINETTI', 82, 91, 3562, 2347, 10),
(1025, 'LA FRONTERA', 82, 91, 0, 2347, 10),
(1026, 'CAMPO TEHILER', 82, 91, 3562, 2347, 10),
(1027, 'COLONIA SAN GUILLERMO', 82, 91, 3562, 2347, 10),
(1028, 'LS FRONTERA Z.R.', 82, 91, 3562, 2347, 10),
(1029, 'MONTE OSCURIDAD', 82, 91, 3562, 2349, 10),
(1030, 'RIPAMONTI', 82, 91, 0, 2349, 10),
(1031, 'SUARDI', 82, 91, 3562, 2349, 10),
(1032, 'CAMPO MARENGO', 82, 91, 0, 2349, 10),
(1033, 'COLONIA RIPAMONTI', 82, 91, 3562, 2349, 10),
(1034, 'CAMPO BESONE', 82, 91, 3562, 2349, 10),
(1035, 'SUARDI ZONA RURAL', 82, 91, 3562, 2349, 10),
(1036, 'ESTANCIA LA HELVETIA', 82, 91, 3562, 2349, 10),
(1037, 'DOS ROSAS', 82, 91, 3562, 2349, 10),
(1038, 'COLONIA DOS ROSAS', 82, 91, 3562, 2349, 10),
(1039, 'DOS ROSAS Z.R.', 82, 91, 0, 2349, 10),
(1040, 'MONTE OSCURIDAD-Z.RURAL', 82, 91, 3562, 2349, 10),
(1041, 'AMBROSETTI', 82, 91, 3491, 2352, 10),
(1042, 'HERSILIA', 82, 91, 3491, 2352, 10),
(1043, 'LA CECILIA', 82, 91, 0, 2352, 10),
(1044, 'COLONIA EL PARAGUAYCITO', 82, 91, 0, 2352, 10),
(1045, 'ACHAVAL RODRIGUEZ', 82, 91, 0, 2352, 10),
(1046, 'LA ESPERANZA', 82, 91, 0, 2352, 10),
(1047, 'CPO. LA AURORA', 82, 91, 3491, 2352, 10),
(1048, 'LOS PONCHOS', 82, 91, 0, 2352, 10),
(1049, 'COLONIA LAS DELICIAS', 82, 91, 0, 2352, 10),
(1050, 'AMBROSETTI Z.R.', 82, 91, 3491, 2352, 10),
(1052, 'CASTELAR', 82, 126, 0, 2401, 10),
(1053, 'COLONIA CASTELAR', 82, 126, 3564, 2401, 10),
(1054, 'CAMPO ORONO', 82, 126, 0, 2401, 10),
(1055, 'BAUER Y SIGEL', 82, 21, 3492, 2403, 10),
(1056, 'VILLA JOSEFINA', 82, 21, 0, 2403, 10),
(1057, 'ESTACION JOSEFINA', 82, 21, 3492, 2403, 10),
(1058, 'CAMPO BORGARELO', 82, 21, 0, 2403, 10),
(1059, 'CAPILLA VOTERO', 82, 21, 0, 2403, 10),
(1060, 'DESVIO LOPEZ', 82, 21, 0, 2403, 10),
(1061, 'CAMPO ALMENDRA', 82, 21, 3705, 2403, 10),
(1062, 'CAMPO CANAVESIO', 82, 21, 0, 2403, 10),
(1063, 'JOSE MANUEL ESTRADA', 82, 21, 3492, 2403, 10),
(1064, 'COLONIA CELLO', 82, 21, 3492, 2405, 10),
(1065, 'SANTA CLARA DE SAGUIER', 82, 21, 3492, 2405, 10),
(1066, 'CAMPO ROMERO', 82, 21, 0, 2407, 10),
(1067, 'CLUCELLAS', 82, 21, 3492, 2407, 10),
(1068, 'ESTACION CLUCELLAS', 82, 21, 3492, 2408, 10),
(1069, 'EUSTOLIA', 82, 21, 0, 2407, 10),
(1070, 'PLAZA CLUCELLAS', 82, 21, 3492, 2407, 10),
(1071, 'ZENON PEREYRA', 82, 21, 3564, 2409, 10),
(1087, 'FRONTERA', 82, 21, 3564, 2438, 10),
(1088, 'KILOMETRO 501', 82, 21, 0, 2438, 10),
(1089, 'SASTRE', 82, 126, 3406, 2440, 10),
(1090, 'COLONIA SASTRE', 82, 126, 3406, 2440, 10),
(1091, 'CRISPI', 82, 126, 3406, 2441, 10),
(1092, 'CAMPO SEVESO', 82, 126, 0, 2441, 10),
(1093, 'COLONIA MARGARITA', 82, 21, 3492, 2443, 10),
(1094, 'GARIBALDI', 82, 21, 3406, 2443, 10),
(1095, 'DESVIO BOERO', 82, 21, 0, 2445, 10),
(1096, 'ESTACION MARIA JUANA', 82, 21, 3406, 2445, 10),
(1097, 'ESTACION MANGORE', 82, 21, 0, 2445, 10),
(1098, 'MARIA JUANA', 82, 21, 3406, 2445, 10),
(1099, 'LOS SEMBRADOS', 82, 21, 3492, 2447, 10),
(1100, 'SAN VICENTE (DTO.CASTELLANOS)', 82, 21, 3492, 2447, 10),
(1101, 'SAN MARTIN DE LAS ESCOBAS', 82, 126, 3406, 2449, 10),
(1102, 'CAMPO BRUSSA', 82, 126, 0, 2449, 10),
(1103, 'CAMPO DONNET', 82, 126, 0, 2449, 10),
(1104, 'CAMPO EL DANUBIO', 82, 126, 0, 2449, 10),
(1105, 'CAMPO FAGGIANO', 82, 126, 0, 2449, 10),
(1106, 'LAS PETACAS', 82, 126, 3406, 2451, 10),
(1107, 'SAN JORGE', 82, 126, 3406, 2452, 10),
(1108, 'COLONIA SANTA ANITA', 82, 126, 0, 2451, 10),
(1109, 'ESTANCIA LAS PETACAS', 82, 126, 0, 2451, 10),
(1110, 'CAMPO ALASIA', 82, 126, 0, 2451, 10),
(1111, 'CAMPO DURANDO', 82, 126, 3406, 2451, 10),
(1112, 'CAMPO EL INJERTO', 82, 126, 0, 2451, 10),
(1113, 'LAS YERBAS', 82, 126, 0, 2451, 10),
(1114, 'CAMPO LA ADELAIDA', 82, 126, 0, 2452, 10),
(1115, 'CARLOS PELLEGRINI', 82, 126, 3401, 2453, 10),
(1116, 'CAMPO BUSSO', 82, 126, 0, 2453, 10),
(1117, 'CAMPO MARIA TERESA', 82, 126, 3401, 2453, 10),
(1118, 'CAMPO NICOLI', 82, 126, 3401, 2453, 10),
(1119, 'CA', 82, 126, 3401, 2454, 10),
(1120, 'COLONIA LA FRANCIA', 82, 126, 3401, 2454, 10),
(1121, 'ESMERALDA', 82, 21, 3492, 2456, 10),
(1122, 'KILOMETRO 465', 82, 126, 0, 2456, 10),
(1123, 'KILOMETRO 483', 82, 21, 3763, 2456, 10),
(1124, 'TRAILL', 82, 126, 0, 2456, 10),
(1125, 'DESVIO KILOMETRO 465', 82, 126, 0, 2456, 10),
(1126, 'ESMERALDA Z.R.', 82, 21, 3492, 2456, 10),
(1129, 'CA', 82, 56, 3471, 2500, 10),
(1130, 'CAMPO CARBONARI', 82, 56, 3471, 2500, 10),
(1131, 'CAMPO IADANZA', 82, 56, 3471, 2500, 10),
(1132, 'PARAJE LA CASILLA', 82, 56, 0, 2500, 10),
(1133, 'CAMPO CARDINI', 82, 56, 3471, 2500, 10),
(1134, 'CAMPO MARINSALTA', 82, 56, 3471, 2500, 10),
(1135, 'CAMPO TORRIGLIA', 82, 56, 3471, 2500, 10),
(1136, 'CAMPO SANTA MARIA', 82, 56, 0, 2500, 10),
(1137, 'BUSTINZA', 82, 56, 3471, 2501, 10),
(1138, 'SAN RICARDO', 82, 56, 3471, 2501, 10),
(1139, 'CAMPO LA PATRIA', 82, 56, 3471, 2501, 10),
(1140, 'CAMPO UBINO', 82, 56, 3471, 2501, 10),
(1141, 'CAMPO MOSCA', 82, 56, 3471, 2501, 10),
(1142, 'VILLA ELOISA', 82, 56, 3471, 2503, 10),
(1143, 'CAMPO LA MARGARITA', 82, 56, 0, 2503, 10),
(1144, 'CAMPO SANTO DOMINGO', 82, 56, 0, 2503, 10),
(1145, 'CAMPO LOMA PARTIDA', 82, 56, 3471, 2503, 10),
(1146, 'SAN ESTANISLAO', 82, 56, 3471, 2503, 10),
(1147, 'LAS PAREJAS', 82, 7, 3471, 2505, 10),
(1148, 'COLONIA ARMIGSTON', 82, 7, 3471, 2505, 10),
(1149, 'COLONIA LOS TRONCOS', 82, 7, 0, 2505, 10),
(1150, 'CAMPO CHIODI', 82, 7, 0, 2505, 10),
(1151, 'CORREA', 82, 56, 3471, 2506, 10),
(1152, 'ESTACION BERRETA', 82, 56, 3471, 2506, 10),
(1153, 'CAMPO SEVERINO', 82, 56, 0, 2506, 10),
(1154, 'ARMSTRONG', 82, 7, 3471, 2508, 10),
(1155, 'CAMPO GIMBATTI', 82, 7, 0, 2508, 10),
(1156, 'CAMPO LA AMISTAD', 82, 7, 0, 2508, 10),
(1157, 'CAMPO SPAGNOLO', 82, 7, 3471, 2508, 10),
(1158, 'CAMPO FHARO', 82, 7, 3471, 2512, 10),
(1159, 'TORTUGAS', 82, 7, 3471, 2512, 10),
(1160, 'CAMPO MARINZALDA', 82, 7, 3471, 2512, 10),
(1161, 'LA CALIFORNIA', 82, 7, 0, 2520, 10),
(1162, 'LAS ROSAS', 82, 7, 3471, 2520, 10),
(1163, 'COLONIA LAS ROSAS', 82, 7, 0, 2520, 10),
(1164, 'COLONIA SAN ANTONIO', 82, 7, 3471, 2520, 10),
(1165, 'CAMPO EL RAFANGO', 82, 7, 0, 2520, 10),
(1166, 'LAS CHIQUITAS', 82, 7, 0, 2521, 10),
(1167, 'MONTES DE OCA', 82, 7, 3471, 2521, 10),
(1168, 'CAMPO SANTA ISABEL', 82, 7, 3471, 2521, 10),
(1169, 'CAMPO LOS TRONCOS-LAS ROSAS', 82, 7, 3471, 2521, 10),
(1170, 'CAMPO LA PRADERA', 82, 7, 3471, 2521, 10),
(1171, 'BOUQUET', 82, 7, 3471, 2523, 10),
(1172, 'COLONIA LUSSINO', 82, 7, 3471, 2523, 10),
(1173, 'ITURRASPE', 82, 7, 0, 2523, 10),
(1174, 'BOUQUET Z. RURAL', 82, 7, 3471, 2523, 10),
(1176, 'MARIA SUSANA', 82, 126, 3401, 2527, 10),
(1177, 'CAMPO LOS LIBRES', 82, 119, 0, 2527, 10),
(1178, 'CAMPO EL 51', 82, 126, 0, 2527, 10),
(1179, 'CAMPO LAS PALMERAS', 82, 126, 3401, 2527, 10),
(1180, 'CAMPO LAS LIEBRES', 82, 126, 0, 2527, 10),
(1181, 'PIAMONTE', 82, 126, 3401, 2529, 10),
(1182, 'CAMPO LA CELEDONIA', 82, 126, 0, 2529, 10),
(1183, 'CAMPO LAS MELLIZAS', 82, 126, 0, 2529, 10),
(1184, 'CAMPO EL 51(DPTO S. MARTIN)', 82, 126, 0, 2529, 10),
(1185, 'COLONIA LANDETA', 82, 126, 0, 2531, 10),
(1186, 'LANDETA', 82, 126, 3406, 2531, 10),
(1187, 'CAMPO SIMPSON', 82, 126, 0, 2531, 10),
(1188, 'LOS CARDOS', 82, 126, 3401, 2533, 10),
(1189, 'CAMPO ORIENTAL', 82, 7, 0, 2533, 10),
(1190, 'EL TREBOL', 82, 126, 3401, 2535, 10),
(1191, 'EST. LAS TAPERITAS', 82, 126, 3401, 2535, 10),
(1192, 'CAMPO GHIANO', 82, 126, 3401, 2535, 10),
(1193, 'CAMPO ULLA', 82, 126, 3401, 2535, 10),
(1194, 'CAMPO RIVIERI HNOS', 82, 126, 3401, 2535, 10),
(1210, 'CAMPO BAJO LAS LIEBRES', 82, 126, 0, 2572, 10),
(1219, 'CAMPO LA CHELTONIA', 82, 42, 3462, 2600, 10),
(1220, 'VENADO TUERTO', 82, 42, 3462, 2600, 10),
(1221, 'COL.EL EMPALME', 82, 42, 3462, 2600, 10),
(1222, 'CAMPO LA ESCONDIDA', 82, 42, 3462, 2600, 10),
(1223, 'SAN MARCOS', 82, 42, 3462, 2600, 10),
(1224, 'KM.699', 82, 42, 3462, 2600, 10),
(1225, 'EST. MARIA AMELIA', 82, 42, 0, 2600, 10),
(1226, 'CAMPO LOS BEARNESES', 82, 42, 0, 2600, 10),
(1227, 'CAMPO LA CLEPTONIA', 82, 42, 0, 2600, 10),
(1228, 'EST. EL CHUECO', 82, 42, 0, 2600, 10),
(1229, 'LA CHISPA', 82, 42, 3462, 2601, 10),
(1230, 'SIETE ARBOLES', 82, 42, 0, 2601, 10),
(1231, 'MURPHY', 82, 42, 3462, 2601, 10),
(1232, 'SAN FRANCISCO', 82, 7, 3462, 2601, 10),
(1233, 'SAN FRANCISCO DE SANTA FE', 82, 42, 3462, 2601, 10),
(1234, 'PJE RABIOLA', 82, 42, 0, 2601, 10),
(1235, 'CAMPO LA PRIMAVERA', 82, 42, 3462, 2601, 10),
(1236, 'COLONIA EL CENTENARIO', 82, 42, 0, 2601, 10),
(1237, 'CHAPUY', 82, 42, 3462, 2603, 10),
(1238, 'RASTREADOR', 82, 42, 0, 2605, 10),
(1239, 'SANTA ISABEL', 82, 42, 3462, 2605, 10),
(1240, 'CAMPO QUIRNO', 82, 28, 0, 2607, 10),
(1241, 'VILLA CANAS', 82, 42, 3462, 2607, 10),
(1242, 'CAMPO BALLESTEROS', 82, 42, 0, 2607, 10),
(1243, 'CAMPO CUFRE', 82, 42, 3462, 2607, 10),
(1244, 'CAMPO GOAPPER', 82, 42, 0, 2607, 10),
(1245, 'CAMPO TROFFE', 82, 42, 3462, 2607, 10),
(1246, 'COLONIA LA DOLORES', 82, 42, 3462, 2607, 10),
(1247, 'CAMPO LAS ENCADENADAS', 82, 42, 0, 2607, 10),
(1248, 'CAMPO CHAPPINO', 82, 42, 3462, 2607, 10),
(1249, 'CAMPO LOS ANGELES', 82, 42, 0, 2607, 10),
(1250, 'COLONIA MORGAN', 82, 42, 0, 2609, 10),
(1251, 'MARIA TERESA', 82, 42, 3462, 2609, 10),
(1252, 'COLONIA SANTA LUCIA', 82, 42, 3462, 2609, 10),
(1253, 'CAMPO LA BARRANCOSA', 82, 42, 0, 2609, 10),
(1254, 'RUNCIMAN', 82, 42, 0, 2611, 10),
(1255, 'SAN GREGORIO', 82, 42, 3382, 2613, 10),
(1256, 'CAMPO LA CHINGOLA', 82, 42, 0, 2613, 10),
(1257, 'CAMPO LOS QUERANDIES', 82, 42, 0, 2613, 10),
(1258, 'SAN EDUARDO', 82, 42, 3462, 2615, 10),
(1259, 'CAMPO BRIDGER', 82, 42, 3462, 2615, 10),
(1260, 'CAMPO LA FORTUNA', 82, 42, 0, 2615, 10),
(1261, 'SANCTI SPIRITU', 82, 42, 3462, 2617, 10),
(1262, 'CAMPO TARDINI', 82, 42, 0, 2617, 10),
(1263, 'CAMPO LANGARICA', 82, 42, 0, 2617, 10),
(1264, 'EST. EL ABOLENGO', 82, 42, 3382, 2617, 10),
(1265, 'CAMPO LOS MAIZALES', 82, 42, 0, 2617, 10),
(1266, 'EST. LA JOSEFINA', 82, 42, 0, 2617, 10),
(1267, 'CARMEN', 82, 42, 3462, 2618, 10),
(1268, 'CAMPO CORTI', 82, 42, 0, 2618, 10),
(1269, 'MAGGIOLO', 82, 42, 3462, 2622, 10),
(1270, 'CAMPO EL RINCON', 82, 42, 0, 2622, 10),
(1271, 'CAMPO LA PLUMITA', 82, 42, 0, 2622, 10),
(1276, 'BARRIO CASADO', 82, 42, 0, 2630, 10),
(1277, 'FIRMAT', 82, 42, 3465, 2630, 10),
(1278, 'VILLA FREDIKSON', 82, 42, 3465, 2630, 10),
(1279, 'VILLA REGULES', 82, 42, 0, 2630, 10),
(1280, 'COLONIA LOS TROJES', 82, 42, 0, 2630, 10),
(1281, 'DURHAM', 82, 42, 0, 2631, 10),
(1282, 'MIGUEL TORRES', 82, 42, 3465, 2631, 10),
(1283, 'CHOVET', 82, 42, 3465, 2633, 10),
(1284, 'CAMPO LA TANDILERA', 82, 42, 0, 2633, 10),
(1285, 'VILLA DIVISA DE MAYO', 82, 42, 0, 2633, 10),
(1286, 'CANADA DEL UCLE', 82, 42, 3465, 2635, 10),
(1287, 'COL.SAN JUSTO', 82, 42, 0, 2635, 10),
(1288, 'COLONIA HANSEN', 82, 14, 3465, 2637, 10),
(1289, 'COLONIA LA CATALANA', 82, 14, 0, 2637, 10),
(1290, 'LOS QUIRQUINCHOS', 82, 14, 3465, 2637, 10),
(1291, 'COLONIA TERRAZON', 82, 14, 0, 2637, 10),
(1292, 'CAMPO LA FLOR', 82, 14, 3495, 2637, 10),
(1293, 'COLONIA LA INDIANA-MURPHY', 82, 42, 0, 2637, 10),
(1294, 'COLONIA SAN JUSTO', 82, 14, 0, 2637, 10),
(1295, 'BERABEVU', 82, 14, 3465, 2639, 10),
(1296, 'CAMPO NUEVO', 82, 14, 3468, 2639, 10),
(1297, 'GODEKEN', 82, 14, 3465, 2640, 10),
(1298, 'COLONIA LOS ROBLES', 82, 42, 0, 2639, 10),
(1299, 'CAFFERATA', 82, 42, 3468, 2643, 10),
(1300, 'CHANAR LADEADO', 82, 14, 3468, 2643, 10),
(1301, 'COLONIA SANTA CATALINA', 82, 14, 3465, 2643, 10),
(1302, 'COLONIA CARLITOS', 82, 14, 0, 2643, 10),
(1303, 'COLONIA EL CANTOR', 82, 42, 0, 2643, 10),
(1304, 'COLONIA LA INDIANA', 82, 42, 0, 2643, 10),
(1325, 'GENERAL GELLY', 82, 28, 2477, 2701, 10),
(1326, 'CAMPO FONDATO', 82, 28, 0, 2701, 10),
(1327, 'WHEELWRIGHT', 82, 42, 2473, 2722, 10),
(1328, 'CAMPO DASSO', 82, 42, 3473, 2722, 10),
(1329, 'CAMPO MILLET', 82, 42, 3473, 2722, 10),
(1330, 'JUNCAL', 82, 28, 2473, 2723, 10),
(1331, 'COLONIA LOS LEONES-JUNCAL', 82, 28, 2473, 2723, 10),
(1332, 'HUGHES', 82, 42, 2473, 2725, 10),
(1333, 'LABORDEBOY', 82, 42, 3465, 2726, 10),
(1334, 'VILLA ESTELA', 82, 42, 0, 2726, 10),
(1335, 'MELINCUE', 82, 42, 3465, 2728, 10),
(1336, 'CAMPO SIERRA', 82, 42, 3465, 2728, 10),
(1337, 'CPO DOYLE', 82, 42, 3743, 2728, 10),
(1338, 'CARRERAS', 82, 42, 3465, 2729, 10),
(1339, 'CUATRO DE FEBRERO', 82, 42, 0, 2732, 10),
(1340, 'EL JARDIN', 82, 42, 0, 2732, 10),
(1341, 'ELORTONDO', 82, 42, 3462, 2732, 10),
(1342, 'SANTA EMILIA', 82, 42, 0, 2732, 10),
(1343, 'PARAJE EL JARDIN', 82, 42, 0, 2732, 10),
(1350, 'EMPALME VILLA CONSTITUCION', 82, 28, 3400, 2918, 10),
(1351, 'PAVON', 82, 28, 3400, 2918, 10),
(1352, 'THEOBALD', 82, 28, 3400, 2918, 10),
(1353, 'CAMPO GOROSITO', 82, 28, 0, 2918, 10),
(1354, 'COLONIA ALBERTI', 82, 28, 0, 2918, 10),
(1355, 'EL COLORADO', 82, 28, 0, 2918, 10),
(1356, 'VILLA CONSTITUCION', 82, 28, 3400, 2919, 10),
(1357, 'GODOY', 82, 28, 3460, 2921, 10),
(1358, 'MORANTE', 82, 28, 3401, 2921, 10),
(1359, 'RUEDA', 82, 28, 3400, 2923, 10),
(1360, 'CAMPO LA VICTORIA', 82, 28, 3460, 2921, 10),
(1361, 'SANTA FE', 82, 63, 342, 3000, 10),
(1362, 'BARRIO SUD', 82, 126, 0, 3000, 10),
(1363, 'CAMPO YOSSEN', 82, 35, 0, 3001, 10),
(1364, 'COLASTINE SUR-LA GUARDIA', 82, 63, 342, 3001, 10),
(1365, 'LA BOCA', 82, 63, 0, 3001, 10),
(1366, 'LA GUARDIA', 82, 63, 342, 3001, 10),
(1367, 'CAMPO GARCIA', 82, 35, 3405, 3001, 10),
(1368, 'LOS ALGARROBOS', 82, 35, 0, 3001, 10),
(1369, 'CAMPO EL MARTILLO', 82, 35, 0, 3001, 10),
(1370, 'ESTACION LA NORIA', 82, 35, 0, 3001, 10),
(1371, 'LAS CAQAS', 82, 35, 0, 3001, 10),
(1372, 'CAMPO ITURRASPE', 82, 35, 0, 3001, 10),
(1373, 'ALTO VERDE', 82, 63, 342, 3001, 10),
(1374, 'COLONIA CAYASTA', 82, 35, 0, 3001, 10),
(1375, 'PJE LOS ALGARROBOS', 82, 35, 0, 3001, 10),
(1376, 'CAMPO CRESPO', 82, 63, 0, 3001, 10),
(1377, 'CAMPO DEL MEDIO', 82, 35, 3405, 3001, 10),
(1378, 'CAYASTA', 82, 35, 3405, 3001, 10),
(1379, 'COLASTINE', 82, 63, 342, 3001, 10),
(1380, 'COLASTINE NORTE-LA GUARDIA', 82, 63, 342, 3001, 10),
(1381, 'VUELTA DEL PARAGUAYO', 82, 63, 0, 3001, 10),
(1382, 'COLONIA MASCIAS', 82, 35, 3405, 3001, 10),
(1383, 'EST.EL MOCORETA', 82, 35, 3405, 3001, 10),
(1384, 'EL LAUREL', 82, 35, 0, 3001, 10),
(1385, 'EL POZO', 82, 63, 342, 3001, 10),
(1386, 'LOS CERRILLOS', 82, 35, 0, 3001, 10),
(1387, 'CAMPO LOS  ZAPALLOS', 82, 35, 342, 3001, 10),
(1388, 'RINCON NORTE', 82, 63, 342, 3001, 10),
(1389, 'RINCON POTREROS', 82, 63, 342, 3001, 10),
(1390, 'SALADERO CABAL', 82, 35, 342, 3001, 10),
(1391, 'SAN JOAQUIN', 82, 35, 3405, 3001, 10),
(1392, 'SAN JOSE DEL RINCON', 82, 63, 342, 3001, 10),
(1393, 'SANTA ROSA DE CALCHINES', 82, 35, 342, 3001, 10),
(1394, 'VILLA VIVEROS', 82, 63, 0, 3001, 10),
(1395, 'HELVECIA', 82, 35, 3405, 3003, 10),
(1396, 'HELVECIA NORTE', 82, 35, 3405, 3003, 10),
(1397, 'HELVECIA SUR', 82, 35, 3405, 3003, 10),
(1398, 'COLONIA HELVECIA', 82, 35, 0, 3003, 10),
(1399, 'COLONIA HELVECIA OESTE', 82, 35, 0, 3003, 10),
(1400, 'COLONIA CALIFORNIA', 82, 98, 0, 3005, 10),
(1401, 'COLONIA FRANCESA', 82, 98, 3405, 3005, 10),
(1402, 'COLONIA SANTA TERESA', 82, 98, 0, 3005, 10),
(1403, 'SAN JAVIER', 82, 98, 3405, 3005, 10),
(1404, 'VILLA SAN ANTONIO', 82, 98, 0, 3005, 10),
(1405, 'COLONIA INDIGENA', 82, 98, 0, 3005, 10),
(1406, 'COLONIA LOS CUERVOS', 82, 98, 0, 3005, 10),
(1407, 'COLONIA SAN JOSE- SAN JAVIER', 82, 98, 0, 3005, 10),
(1408, 'COLONIA SAN IGNACIO', 82, 98, 0, 3005, 10),
(1409, 'ISLA LAS PALMAS', 82, 98, 3405, 3005, 10),
(1410, 'PARAJE LA MILAGROSA', 82, 98, 0, 3005, 10),
(1411, 'COLONIA CRIOLLA', 82, 98, 0, 3005, 10),
(1412, 'EMPALME SAN CARLOS', 82, 70, 342, 3007, 10),
(1413, 'LA UNION', 82, 70, 0, 3007, 10),
(1414, 'SAN CARLOS NORTE Z.R.', 82, 70, 3404, 3009, 10),
(1415, 'FRANCK', 82, 70, 342, 3009, 10),
(1416, 'SAN CARLOS NORTE', 82, 70, 3404, 3010, 10),
(1417, 'SAN JERONIMO DEL SAUCE', 82, 70, 3404, 3009, 10),
(1418, 'LAS TUNAS', 82, 70, 342, 3009, 10),
(1419, 'CAMPO LA VIGILANCIA', 82, 70, 0, 3009, 10),
(1420, 'SANTA MARIA NORTE', 82, 70, 3404, 3011, 10),
(1421, 'SA PEREIRA', 82, 70, 3404, 3011, 10),
(1422, 'SAN JERONIMO NORTE', 82, 70, 3404, 3011, 10),
(1423, 'SAN MARIANO', 82, 70, 3404, 3011, 10),
(1424, 'CANTON DE ZARATE', 82, 70, 0, 3011, 10),
(1425, 'SAN WANDELINO', 82, 70, 3496, 3011, 10),
(1426, 'MARIANO SAAVEDRA', 82, 70, 0, 3011, 10),
(1427, 'SANTA MARIA NORTE Z.RURAL', 82, 70, 0, 3011, 10),
(1428, 'CORONEL RODRIGUEZ', 82, 70, 342, 3013, 10),
(1429, 'ESTACION MATILDE', 82, 70, 0, 3013, 10),
(1430, 'LAS HIGUERITAS', 82, 70, 0, 3013, 10),
(1431, 'MATILDE', 82, 70, 342, 3013, 10),
(1432, 'SAN CARLOS CENTRO', 82, 70, 3404, 3013, 10),
(1433, 'SAN CARLOS SUD', 82, 70, 3404, 3013, 10),
(1434, 'PLAZA MATILDE', 82, 70, 3404, 3013, 10),
(1435, 'SAN CARLOS SUD Z.R.', 82, 70, 3404, 3013, 10),
(1436, 'ANGEL GALLARDO', 82, 63, 342, 3014, 10),
(1437, 'ARROYO AGUIAR', 82, 63, 342, 3014, 10),
(1438, 'CONSTITUYENTES', 82, 63, 0, 3014, 10),
(1439, 'KILOMETRO 35', 82, 133, 0, 3014, 10),
(1440, 'MONTE VERA', 82, 63, 342, 3014, 10),
(1441, 'SAN PEDRO SUR', 82, 63, 342, 3014, 10),
(1442, 'CHACO CHICO-ANGEL GALLARDO', 82, 63, 0, 3014, 10),
(1443, 'LA COSTA', 82, 63, 0, 3014, 10),
(1444, 'ASCOCHINGA KM 20', 82, 63, 3525, 3014, 10),
(1445, 'VILLA LAURA', 82, 63, 342, 3014, 10),
(1446, 'SANTO TOME', 82, 63, 342, 3016, 10),
(1447, 'VILLA LUJAN', 82, 133, 0, 3016, 10),
(1448, 'CAMPO JULLER', 82, 63, 0, 3016, 10),
(1449, 'PUNTA DEL SAUCE', 82, 63, 342, 3016, 10),
(1450, 'COLONIA SAN JOSE', 82, 70, 342, 3016, 10),
(1451, 'SAN JOSE OESTE', 82, 70, 342, 3016, 10),
(1452, 'BAJO LAS TUNAS', 82, 70, 0, 3017, 10),
(1453, 'SAN AGUSTIN', 82, 70, 342, 3017, 10),
(1454, 'SAUCE VIEJO', 82, 63, 342, 3017, 10),
(1455, 'TRES REYES-LAS COLONIAS', 82, 70, 0, 3017, 10),
(1456, 'EST.SAN AGUSTIN', 82, 70, 342, 3017, 10),
(1457, 'CAMPO PERIOTTI', 82, 70, 376, 3017, 10),
(1458, 'GOBERNADOR CANDIOTI', 82, 63, 342, 2469, 10),
(1459, 'IRIONDO', 82, 63, 0, 3018, 10),
(1460, 'RECREO', 82, 63, 342, 3018, 10),
(1461, 'LAGUNA PAIVA', 82, 63, 342, 3020, 10),
(1462, 'SAN GUILLERMO', 82, 63, 3562, 3020, 10),
(1463, 'RINCON DE AVILA', 82, 63, 0, 3020, 10),
(1464, 'CAMPO ANDINO', 82, 63, 3497, 3021, 10),
(1465, 'LOS HORNOS', 82, 63, 0, 3021, 10),
(1466, 'SAN PEDRO', 82, 14, 0, 3021, 10),
(1467, 'SAN PEDRO DPTO. LA CAPITAL', 82, 63, 342, 3021, 10),
(1468, 'CULULU', 82, 70, 3407, 3023, 10),
(1469, 'HIPATIA', 82, 70, 3497, 3023, 10),
(1470, 'ING. BOASSI', 82, 70, 0, 3023, 10),
(1471, 'COLONIA ABC', 82, 70, 0, 3023, 10),
(1472, 'MANUCHO', 82, 63, 342, 3023, 10),
(1473, 'PROGRESO', 82, 70, 3497, 3023, 10),
(1474, 'SARMIENTO', 82, 70, 3497, 3024, 10),
(1475, 'A B C', 82, 70, 0, 3023, 10),
(1476, 'CAMPO LA TERESITA', 82, 70, 0, 3023, 10),
(1477, 'LA RAMADA', 82, 70, 0, 3023, 10),
(1478, 'SARMIENTO ZONA RURAL', 82, 70, 3497, 3024, 10),
(1479, 'RINCON EL QUEBRACHO', 82, 91, 0, 3025, 10),
(1480, 'MARIA LUISA', 82, 70, 3497, 3025, 10),
(1481, 'PROVIDENCIA', 82, 70, 3497, 3025, 10),
(1482, 'SANTO DOMINGO', 82, 70, 3497, 3025, 10),
(1483, 'SOLEDAD', 82, 91, 3498, 3025, 10),
(1484, 'SOUTOMAYOR', 82, 70, 0, 3025, 10),
(1485, 'EL BOSQUE', 82, 70, 0, 3025, 10),
(1486, 'EST. LAS MERCEDES', 82, 91, 0, 3025, 10),
(1487, 'COLONIA LA CLARA', 82, 91, 0, 3054, 10),
(1488, 'LA SARITA', 82, 70, 3482, 3025, 10),
(1489, 'LA RINCONADA-LAS COLONIAS', 82, 70, 0, 3025, 10),
(1490, 'LA PELADA', 82, 70, 3497, 3027, 10),
(1491, 'LA PELADA Z.R.', 82, 70, 3497, 3027, 10),
(1492, 'CAMPO BONETTI', 82, 70, 0, 3027, 10),
(1493, 'CAMINO NRO. 5', 82, 70, 0, 3027, 10),
(1494, 'COLONIA DE CORDOBA', 82, 70, 0, 3027, 10),
(1495, 'COLONIA ADOLFO ALSINA', 82, 91, 0, 3029, 10),
(1496, 'ELISA', 82, 70, 3498, 3029, 10),
(1497, 'DESVIO ARAUZ', 82, 70, 3497, 3029, 10),
(1498, 'COLONIA CLARA A.RURAL', 82, 91, 0, 3029, 10),
(1499, 'NELSON', 82, 63, 342, 3032, 10),
(1500, 'AROMOS', 82, 63, 0, 3036, 10),
(1501, 'CABAL', 82, 63, 3497, 3036, 10),
(1502, 'EMILIA', 82, 63, 3497, 3036, 10),
(1503, 'ESTHER', 82, 112, 0, 3036, 10),
(1504, 'LLAMBI CAMPBELL', 82, 63, 3497, 3036, 10),
(1505, 'CAMPO SIOLI', 82, 63, 0, 3036, 10),
(1506, 'COLONIA ESTHER', 82, 112, 0, 3036, 10),
(1507, 'CAYASTACITO', 82, 112, 3497, 3038, 10),
(1508, 'LA CLORINDA', 82, 112, 0, 3038, 10),
(1509, 'ZONA RURAL (CAYASTACITO)', 82, 112, 3497, 3038, 10),
(1510, 'LOS AROMOS', 82, 63, 0, 3038, 10),
(1511, 'PETRONILA-SAN CRISTOBAL', 82, 91, 0, 3040, 10),
(1512, 'SAN JUSTO', 82, 112, 3498, 3040, 10),
(1513, 'VERA MUJICA', 82, 112, 0, 3040, 10),
(1514, 'ANGELONI', 82, 112, 0, 3040, 10),
(1515, 'EL FORTIN', 82, 112, 0, 3040, 10),
(1516, 'LA PEPITA', 82, 112, 0, 3040, 10),
(1517, 'COL. SAN ROQUE (DTO SAN JUSTO)', 82, 112, 0, 3040, 10),
(1518, 'COLONIA ESQUINA GRANDE', 82, 112, 0, 3040, 10),
(1519, 'COLONIA ANGELONI', 82, 112, 0, 3048, 10),
(1520, 'LOS SALADILLOS-LA PEPITA', 82, 112, 0, 3040, 10),
(1521, 'LOS SALADILLOS (DTO SAN JUSTO)', 82, 112, 0, 3041, 10),
(1522, 'CACIQUE ARIACAIQUIN', 82, 98, 3405, 3041, 10),
(1523, 'LOS SALADILLOS', 82, 77, 0, 3041, 10),
(1524, 'COLONIA SILVA', 82, 112, 3498, 3042, 10),
(1525, 'MARCELINO ESCALADA', 82, 112, 3498, 3042, 10),
(1526, 'RAMAYON', 82, 112, 3498, 3042, 10),
(1527, 'VILLA LASTENIA', 82, 112, 0, 3042, 10),
(1528, 'CAMPO ROSSI', 82, 112, 3498, 3042, 10),
(1529, 'ESTANCIA SAN JUAN', 82, 112, 3498, 3042, 10),
(1530, 'LASTENIA', 82, 112, 0, 3042, 10),
(1531, 'COLONIA LAS MERCEDES', 82, 112, 3498, 3042, 10),
(1532, 'SILVA', 82, 112, 0, 3042, 10),
(1533, 'VILLA MERCEDES', 82, 112, 0, 3042, 10),
(1534, 'ABIPONES', 82, 112, 0, 3042, 10),
(1535, 'EST.LA CONSTANCIA(S.CRISTOBAL)', 82, 91, 0, 3044, 10),
(1536, 'GOBERNADOR CRESPO', 82, 112, 3498, 3044, 10),
(1537, 'COLONIA LA ARGENTINA', 82, 112, 0, 3044, 10),
(1538, 'COLONIA DOLORES', 82, 98, 0, 3044, 10),
(1539, 'COLONIA LA MORA', 82, 112, 3498, 3045, 10),
(1540, 'LA BRAVA', 82, 98, 3405, 3045, 10),
(1541, 'SAN MARTIN NORTE', 82, 112, 3498, 3045, 10),
(1542, 'EL CAUTIVO', 82, 98, 0, 3045, 10),
(1543, 'LA PENCA Y CARAGUATA', 82, 112, 3498, 3045, 10),
(1544, 'ESTACION LA MORA', 82, 112, 0, 3045, 10),
(1545, 'LA PENCA', 82, 112, 3498, 3045, 10),
(1546, 'LA RINCONADA-DPTO. SAN JUSTO', 82, 112, 0, 3045, 10),
(1547, 'ARRASCAETA', 82, 112, 0, 3046, 10),
(1548, 'FORTIN ALMAGRO', 82, 112, 0, 3046, 10),
(1549, 'MIGUEL ESCALADA', 82, 112, 0, 3046, 10),
(1550, 'NARE', 82, 112, 3498, 3046, 10),
(1551, 'PAIKIN', 82, 112, 0, 3046, 10),
(1552, 'PETRONILA', 82, 91, 0, 3046, 10),
(1553, 'VILLA SARALEGUI', 82, 91, 3498, 3046, 10),
(1554, 'ESTANCIA LA IFIGENIA', 82, 91, 3498, 3046, 10),
(1555, 'RINCON DEL QUEBRACHO', 82, 91, 3498, 3046, 10),
(1556, 'COLONIA SOL DE MAYO', 82, 112, 0, 3048, 10),
(1557, 'LUCIANO LEIVA', 82, 112, 0, 3048, 10),
(1558, 'VIDELA', 82, 112, 3498, 3048, 10),
(1559, 'SAN BERNARDO', 82, 112, 3758, 3048, 10),
(1560, 'COLONIA TRES REYES', 82, 112, 0, 3048, 10),
(1561, 'TRES REYES', 82, 112, 0, 3048, 10),
(1562, 'SOL DE MAYO', 82, 112, 0, 3048, 10),
(1563, 'COLONIA VIDELA', 82, 112, 0, 3048, 10),
(1564, 'CALCHAQUI', 82, 133, 3483, 3050, 10),
(1565, 'KILOMETRO 213', 82, 133, 0, 3050, 10),
(1566, 'LA HOSCA', 82, 133, 0, 3050, 10),
(1567, 'LOS GALPONES', 82, 133, 0, 3050, 10),
(1568, 'CAMPO BARONI', 82, 133, 3483, 3050, 10),
(1569, 'CAMPO ZORDAN', 82, 133, 0, 3050, 10),
(1570, 'EL AROMAL', 82, 133, 0, 3050, 10),
(1571, 'EL SOCORRO', 82, 133, 0, 3050, 10),
(1572, 'COL. LA ANGELITA', 82, 133, 0, 3050, 10),
(1573, 'EST. LAS AVES', 82, 133, 0, 3050, 10),
(1574, 'COL. DOQA MARIANA', 82, 133, 3483, 3050, 10),
(1575, 'DESVIO KILOMETRO 213', 82, 133, 0, 3050, 10),
(1576, 'FORESTAGRO S.A.', 82, 133, 0, 3050, 10),
(1577, 'ESTANCIA SAN PEDRO', 82, 133, 0, 3050, 10),
(1578, 'ALEJANDRA', 82, 98, 3405, 3051, 10),
(1579, 'LOS CORRALITOS', 82, 98, 0, 3051, 10),
(1580, 'PAJARO BLANCO', 82, 98, 0, 3051, 10),
(1581, 'LOS JACINTOS', 82, 98, 0, 3051, 10),
(1582, 'PJE EL PROGRESO', 82, 98, 3465, 3051, 10),
(1583, 'COLONIA ALEJANDRA', 82, 98, 3405, 3051, 10),
(1584, 'COLONIA LA BLANCA', 82, 112, 3498, 3052, 10),
(1585, 'LA CRIOLLA', 82, 112, 3498, 3052, 10),
(1586, 'LA NEVADA', 82, 112, 3498, 3052, 10),
(1587, 'COLONIA ABEJITA', 82, 112, 0, 3052, 10),
(1588, 'COLONIA LA OSCA', 82, 112, 0, 3054, 10),
(1589, 'COLONIA OVEGITA', 82, 112, 0, 3052, 10),
(1590, 'COLONIA LA NEGRA', 82, 112, 0, 3054, 10),
(1591, 'KILOMETRO 187', 82, 112, 0, 3054, 10),
(1592, 'LA CAMILA', 82, 112, 0, 3054, 10),
(1593, 'LA ORIENTAL', 82, 7, 3471, 3054, 10),
(1594, 'VERA Y PINTADO', 82, 112, 3498, 3054, 10),
(1595, 'PEDRO GOMEZ CELLO', 82, 112, 3483, 3054, 10),
(1596, 'LA CLARA', 82, 112, 0, 3054, 10),
(1597, 'LA CABAQA', 82, 112, 0, 3054, 10),
(1598, 'ESTANCIA LA GUAMPITA', 82, 133, 0, 3056, 10),
(1599, 'ESPIN', 82, 133, 3483, 3056, 10),
(1600, 'LA GUAMPITA', 82, 133, 0, 3056, 10),
(1601, 'MARGARITA', 82, 133, 3483, 3056, 10),
(1602, 'ESPIN-ESTANCIA MIRAFORES', 82, 133, 0, 3056, 10),
(1603, 'CAMPO COLNAGHI', 82, 133, 0, 3056, 10),
(1604, 'CAMPO KEES', 82, 133, 0, 3056, 10),
(1605, 'CAMPO LA NICOLASA', 82, 133, 0, 3056, 10),
(1606, 'CAMPO MALASSI', 82, 133, 3483, 3056, 10),
(1607, 'CAMPO PAVICICH', 82, 133, 0, 3056, 10),
(1608, 'PARAJE SAN EUGENIO', 82, 133, 3483, 3056, 10),
(1609, 'COLONIA LAS MARGARITAS', 82, 133, 0, 3056, 10),
(1610, 'PARAJE EL QANDUBAY', 82, 133, 0, 3056, 10),
(1611, 'PJE. EL 13', 82, 133, 0, 3056, 10),
(1612, 'PARAJE EL TOBA', 82, 133, 0, 3056, 10),
(1613, 'LA MARIA', 82, 98, 3482, 3056, 10),
(1614, 'CAMPO LA ROSARIO', 82, 133, 0, 3056, 10),
(1615, 'ESTANCIA PAVENHAM', 82, 133, 0, 3057, 10),
(1616, 'LA CIGUEQA', 82, 77, 0, 3057, 10),
(1617, 'LA GALLARETA', 82, 133, 3483, 3057, 10),
(1618, 'KILOMETRO 71', 82, 133, 0, 3057, 10),
(1619, 'C.FERRERO BONZI-LA ISLETA', 82, 133, 0, 3057, 10),
(1620, 'EST. PAVENHAM', 82, 133, 0, 3057, 10),
(1621, 'KM.35-CAMPO SAN JOSE', 82, 133, 0, 3057, 10),
(1622, 'KILOMETRO 38', 82, 133, 0, 3057, 10),
(1623, 'PARAJE LOS PALMARES', 82, 133, 0, 3057, 10),
(1624, 'ESTABLECIMIENTO EL PELUDO', 82, 133, 0, 3057, 10),
(1625, 'CAMPO GIAUQUE', 82, 133, 0, 3057, 10),
(1626, 'CAMPO TALEB', 82, 133, 0, 3057, 10),
(1627, 'EL BONETE', 82, 133, 0, 3057, 10),
(1628, 'KM. 38-CAMPO   ROTELA', 82, 133, 0, 3057, 10),
(1629, 'PJE. LA LAURA', 82, 133, 3483, 3057, 10),
(1630, 'CAMPO ELUSTONDO', 82, 77, 0, 3060, 10),
(1631, 'CAMPO LA MARUCA', 82, 77, 0, 3060, 10),
(1632, 'ESTANCIA LA CIGUEQA', 82, 133, 0, 3060, 10),
(1633, 'EL CACIQUE', 82, 77, 0, 3060, 10),
(1634, 'LOS CHARABONES', 82, 77, 3491, 3060, 10),
(1635, 'TOSTADO', 82, 77, 3491, 3060, 10),
(1636, 'INDEPENDENCIA', 82, 77, 0, 3060, 10),
(1637, 'BARRIO SAN JENARO', 82, 77, 0, 3060, 10),
(1638, 'COLONIA EL 50-LOS CHARABONES', 82, 77, 0, 3060, 10),
(1639, 'COLONIA EL INCA', 82, 77, 3491, 3060, 10),
(1640, 'ESTANCIA SANTA LUCIA', 82, 77, 3491, 3060, 10),
(1641, 'MOGOTES', 82, 77, 3491, 3060, 10),
(1642, 'CAMPO MARIA ALICIA', 82, 77, 0, 3060, 10),
(1643, 'CAMPO PERGOLESSI', 82, 77, 0, 3060, 10),
(1644, 'COL. SAN JOSE DPTO 9 DE JULIO', 82, 77, 0, 3060, 10),
(1645, 'TRES POZOS-CAMPO DON BOSCO', 82, 77, 0, 3060, 10),
(1646, 'LA RINCONADA', 82, 77, 3491, 3060, 10),
(1647, 'FORTIN SEIS-S.MARGARITA', 82, 77, 0, 3061, 10),
(1648, 'COLONIA LA AVANZADA', 82, 77, 0, 3061, 10),
(1649, 'CAMPO SAN ISIDORO', 82, 77, 0, 3061, 10),
(1650, 'PJE.LA EMA', 82, 77, 3491, 3061, 10),
(1651, 'LOS QUEBRACHALES', 82, 77, 0, 3061, 10),
(1652, 'COLONIA LAS PALMAS', 82, 77, 0, 3061, 10),
(1653, 'ESTABLECIMIENTO LA PAZ', 82, 77, 0, 3061, 10),
(1654, 'CAMPO EL MATE-FORTIN ATHAUALPA', 82, 77, 3491, 3061, 10),
(1655, 'EL DICHOSO', 82, 77, 0, 3061, 10),
(1656, 'CAMPO MEDIANO', 82, 77, 3491, 3061, 10),
(1657, 'CAMPO DEROTIER', 82, 77, 3491, 3061, 10),
(1658, 'FORTIN CHARRUA', 82, 133, 3483, 3061, 10),
(1659, 'CAMPO CASANOVA', 82, 77, 3491, 3061, 10),
(1660, 'CPO EL AMARGO-FORTIN ATAHUALPA', 82, 77, 0, 3061, 10),
(1661, 'GREGORIA P. DE DENIS Z. RURAL', 82, 77, 3491, 3061, 10),
(1662, 'EL SALITRAL', 82, 77, 0, 3061, 10),
(1663, 'SAN BERNARDO NORTE', 82, 77, 3758, 3061, 10),
(1664, 'SAN BERNARDO SUR', 82, 77, 3758, 3061, 10),
(1665, 'COLONIA ABULRICH', 82, 77, 0, 3061, 10),
(1666, 'EL DESCANSO', 82, 77, 3491, 3061, 10),
(1667, 'LAS CHUQAS-VILLA MINETTI', 82, 77, 0, 3061, 10),
(1668, 'LA CAUTIVA', 82, 77, 0, 3061, 10),
(1669, 'COLONIA EL PIRINCHO', 82, 77, 0, 3061, 10),
(1670, 'COLONIA SAN GABINO', 82, 77, 0, 3061, 10),
(1671, 'ANTONIO PINI', 82, 77, 0, 3061, 10),
(1672, 'EST. SAN FELIX', 82, 77, 0, 3061, 10),
(1673, 'EL NOCHERO', 82, 77, 0, 3061, 10),
(1674, 'FORTIN ATAHUALPA', 82, 77, 3491, 3061, 10),
(1675, 'FORTIN 6 DE CABALLERIA', 82, 77, 0, 3061, 10),
(1676, 'GREGORIA PEREZ DE DENIS', 82, 77, 3491, 3061, 10),
(1677, 'KILOMETRO 389', 82, 77, 0, 3061, 10),
(1678, 'KILOMETRO 421', 82, 77, 0, 3061, 10),
(1679, 'KILOMETRO 468', 82, 77, 3491, 3061, 10),
(1680, 'CAMPO LOS BAYOS', 82, 77, 0, 3061, 10),
(1681, 'PADRE PEDRO ITURRALDE', 82, 77, 0, 3061, 10),
(1682, 'POZO BORRADO', 82, 77, 3491, 3061, 10),
(1683, 'CAMPO COMTARDE', 82, 77, 0, 3061, 10),
(1684, 'SANTA MARGARITA', 82, 77, 3491, 3061, 10),
(1685, 'TRES POZOS', 82, 77, 3491, 3061, 10),
(1686, 'VILLA MINETTI', 82, 77, 3491, 3061, 10),
(1687, 'CAMPO EL MOLLE', 82, 77, 3491, 3061, 10),
(1688, 'CAMPO LA HIEDRA', 82, 77, 3491, 3061, 10),
(1689, 'SAN BERNARDO (DPTO.9 DE JULIO)', 82, 77, 3758, 3061, 10),
(1690, 'COL. EL AMARGO', 82, 77, 0, 3061, 10),
(1691, 'COLONIA BELGRANO', 82, 77, 3404, 3061, 10),
(1692, 'ISLETA LINDA', 82, 77, 0, 3061, 10),
(1693, 'LOS CHA', 82, 77, 3491, 3061, 10),
(1694, 'CAMPO EL CENTINELA', 82, 77, 0, 3061, 10),
(1695, 'COLONIA EL DICHOSO', 82, 77, 0, 3061, 10),
(1696, 'EST. LOS GUASUNCHOS', 82, 77, 0, 3061, 10),
(1697, 'CAMPO GARAY', 82, 77, 3491, 3066, 10),
(1698, 'COLONIA SAN PEDRO', 82, 77, 0, 3066, 10),
(1699, 'ESTEBAN RAMS', 82, 77, 3491, 3066, 10),
(1700, 'KILOMETRO 293', 82, 77, 0, 3066, 10),
(1701, 'LOGRONO', 82, 77, 3491, 3066, 10),
(1702, 'ESTANCIA LA FLORIDA', 82, 77, 0, 3066, 10),
(1703, 'JUAN DE GARAY', 82, 77, 0, 3066, 10),
(1704, 'COLONIA ESTEBAN RAMS', 82, 77, 0, 3066, 10),
(1705, 'LOGRONO Z.R.', 82, 77, 3491, 3066, 10),
(1706, 'BARRIO PALERMO', 82, 91, 0, 3070, 10),
(1707, 'SAN CRISTOBAL', 82, 91, 3408, 3070, 10),
(1708, 'ESTANCIA SAN FRANCISCO', 82, 91, 0, 3070, 10),
(1709, 'LA POLVAREDA', 82, 91, 0, 3070, 10),
(1710, 'PARAJE VISCACHERAS', 82, 91, 0, 3070, 10),
(1711, 'AGUARA GRANDE', 82, 91, 3408, 3071, 10),
(1712, 'PORTUGALETE', 82, 91, 0, 3071, 10),
(1713, 'COLONIA ALCORTA', 82, 91, 3408, 3071, 10),
(1714, 'LAS BARRAS', 82, 91, 0, 3071, 10),
(1715, 'EST. EL LUCERO', 82, 91, 3408, 3071, 10),
(1716, '', 82, 91, 0, 3072, 10),
(1717, 'LA LUCILA', 82, 91, 3408, 3072, 10),
(1718, 'MARIA EUGENIA', 82, 91, 0, 3072, 10),
(1719, 'ESTACION SAN FRANCISCO', 82, 91, 0, 3072, 10),
(1720, 'MARIA EUGENIA Z.R.', 82, 91, 3498, 3072, 10),
(1721, 'AGUARA', 82, 91, 0, 3074, 10),
(1722, 'LA CABRAL', 82, 91, 0, 3074, 10),
(1723, 'LAS AVISPAS', 82, 91, 0, 3074, 10),
(1724, 'NUEVA ITALIA', 82, 77, 0, 3074, 10),
(1725, 'SANTURCE', 82, 91, 0, 3074, 10),
(1726, 'LA CABRAL COM. HUANQUEROS', 82, 91, 0, 3074, 10),
(1727, 'COLONIA EL SIMBOLD', 82, 91, 0, 3074, 10),
(1728, 'MTE. AVISPAS NEGRAS', 82, 91, 0, 3074, 10),
(1729, 'HUANQUEROS', 82, 91, 3408, 3076, 10),
(1730, 'CAMPO MAZZONI', 82, 91, 376, 3076, 10),
(1731, 'EL COLONIAL', 82, 91, 0, 3076, 10),
(1732, 'EL TIGRE', 82, 91, 0, 3076, 10),
(1733, 'LOS TREBOLARES', 82, 91, 0, 3076, 10),
(1734, 'COSTA DEL SALADO', 82, 91, 0, 3076, 10),
(1735, 'COLONIA PUJOL', 82, 70, 3496, 3080, 10),
(1736, 'ESPERANZA', 82, 70, 3496, 3080, 10),
(1737, 'LA ORILLA', 82, 70, 0, 3080, 10),
(1738, 'PASO VINAL', 82, 70, 3496, 3080, 10),
(1739, 'RINCON DEL PINTADO', 82, 70, 376, 3080, 10),
(1740, 'PUJATO NORTE', 82, 70, 0, 3080, 10),
(1741, 'LARRECHEA ESTE', 82, 70, 3404, 3080, 10),
(1742, 'COLONIA LARRACHEA-LAS COLONIAS', 82, 70, 3496, 3080, 10),
(1743, 'ESPERANZA-ZONA RURAL', 82, 70, 3496, 3080, 10),
(1744, 'COLONIA CAVOUR', 82, 70, 3496, 3081, 10),
(1745, 'COLONIA LA NUEVA', 82, 70, 0, 3081, 10),
(1746, 'HUMBOLDT', 82, 70, 3496, 3081, 10),
(1747, 'RIVADAVIA', 82, 70, 0, 3081, 10),
(1748, 'COLONIA LA NUEVA NORTE', 82, 70, 0, 3081, 10),
(1749, 'COLONIA LA NUEVA CENTRO', 82, 70, 0, 3081, 10),
(1750, 'HUMBOLD SUR', 82, 70, 3496, 3081, 10),
(1751, 'HUMBOLD CHICO', 82, 70, 3496, 3081, 10),
(1752, 'COLONIA RIVADAVIA', 82, 70, 3496, 3081, 10),
(1753, 'GRUTLY', 82, 70, 3496, 3083, 10),
(1754, 'GRUTLY NORTE', 82, 70, 3496, 3083, 10),
(1755, 'GRUTLY SUR', 82, 70, 3496, 3083, 10),
(1756, 'PILAR', 82, 70, 3404, 3085, 10),
(1757, 'SANTA MARIA CENTRO', 82, 70, 3404, 3085, 10),
(1758, 'PILAR Z.R.', 82, 70, 3404, 3085, 10),
(1759, 'FELICIA', 82, 70, 3496, 3087, 10),
(1760, 'NUEVO TORINO', 82, 70, 3496, 3087, 10),
(1761, 'NUEVO TORINO Z.R.', 82, 70, 3496, 3087, 10),
(1762, 'FELICIA OESTE', 82, 70, 3496, 3087, 10),
(1763, 'FELICIA Z.R.', 82, 70, 3496, 3087, 10),
(1831, 'CAMPO GOLA', 82, 49, 0, 3516, 10),
(1832, 'COLONIA URDANIZ', 82, 49, 3482, 3516, 10),
(1833, 'FLORENCIA', 82, 49, 3482, 3516, 10),
(1834, 'LAS MERCEDES', 82, 49, 3482, 3516, 10),
(1835, 'CAMPO VIOLA', 82, 49, 0, 3516, 10),
(1836, 'CAMPO SPERANZA', 82, 49, 0, 3516, 10),
(1838, 'GATO COLORADO', 82, 77, 3491, 3541, 10),
(1839, 'FORTIN TACURU', 82, 77, 3491, 3541, 10),
(1840, 'CAMPO EL DORMIDO', 82, 77, 3491, 3541, 10),
(1841, 'PJE.  TRIGNAGHI', 82, 133, 3483, 3550, 10),
(1842, 'VERA', 82, 133, 3483, 3550, 10),
(1843, 'CAMPO LA CONCORDIA', 82, 133, 0, 3550, 10),
(1844, 'CAMPO ZAMO', 82, 133, 0, 3550, 10),
(1845, 'LAS GAMAS', 82, 133, 0, 3550, 10),
(1846, 'KM. 12-CU', 82, 133, 0, 3550, 10),
(1847, 'LOTE 184', 82, 133, 0, 3550, 10),
(1848, 'PJE DESVIO 17', 82, 133, 0, 3550, 10),
(1849, 'DESV. KILOMETRO 282', 82, 133, 0, 3550, 10),
(1850, 'CAMPO GRANICH-LOTE 166', 82, 133, 0, 3550, 10),
(1851, 'SANTA FELICIA', 82, 133, 3483, 3550, 10),
(1852, 'GUAYCURU', 82, 133, 0, 3550, 10),
(1853, 'LA ZULEMA-GUAYCURU', 82, 133, 0, 3550, 10),
(1854, 'ESTANCIA LOS GRAMILLARES', 82, 133, 0, 3551, 10),
(1855, 'TOBA', 82, 133, 0, 3551, 10),
(1856, 'EST. LA SOMBRILLA', 82, 133, 0, 3551, 10),
(1857, 'PARAJE KILOMETRO 115', 82, 133, 0, 3551, 10),
(1858, 'KILOMETRO 119', 82, 133, 0, 3551, 10),
(1859, 'LOS TRES POZOS', 82, 133, 0, 3551, 10),
(1860, 'LAS CHUQAS', 82, 133, 0, 3551, 10);
INSERT INTO `localidad` (`id_localidad`, `localidad`, `id_provincia`, `id_departamento`, `caract_telefonica`, `codigo_postal`, `id_pais`) VALUES
(1861, 'KILOMETRO 5500-LOS TABANOS', 82, 133, 0, 3551, 10),
(1862, 'ESTANCIA LA VIRGINIA', 82, 133, 0, 3551, 10),
(1863, 'KILOMETRO 124-COLMENA', 82, 133, 0, 3551, 10),
(1864, 'CA', 82, 133, 3482, 3551, 10),
(1865, 'DESVIO KILOMETRO 302', 82, 133, 0, 3551, 10),
(1866, 'COLMENA', 82, 133, 3483, 3551, 10),
(1867, 'LA VIRUELA', 82, 133, 0, 3551, 10),
(1868, 'LOTE 127', 82, 133, 0, 3551, 10),
(1869, 'PJE.KM.28-LOS TABANOS', 82, 49, 0, 3551, 10),
(1870, 'ESTANCIA EL QACURUTU', 82, 133, 3482, 3551, 10),
(1871, 'GARABATO', 82, 133, 3482, 3551, 10),
(1872, 'GOLONDRINA', 82, 133, 3482, 3551, 10),
(1873, 'KM.115-GARABATO', 82, 133, 0, 3551, 10),
(1874, 'INTIYACO', 82, 133, 3482, 3551, 10),
(1875, 'KILOMETRO 302', 82, 133, 3483, 3551, 10),
(1876, 'KILOMETRO 320', 82, 133, 0, 3551, 10),
(1877, 'KILOMETRO 392', 82, 133, 0, 3551, 10),
(1878, 'LA BLANCA', 82, 49, 0, 3551, 10),
(1879, 'LA SELVA', 82, 49, 0, 3551, 10),
(1880, 'LA ZULEMA', 82, 112, 0, 3551, 10),
(1881, 'ESTACION ARBOL SOLO', 82, 133, 0, 3551, 10),
(1882, 'LOS AMORES', 82, 133, 3482, 3551, 10),
(1883, 'LOS TABANOS', 82, 133, 0, 3551, 10),
(1884, 'OGILVIE', 82, 133, 0, 3551, 10),
(1885, 'POZO DE LOS INDIOS', 82, 133, 0, 3551, 10),
(1886, 'PARAJE KM 109', 82, 133, 0, 3551, 10),
(1887, 'SANTA LUCIA', 82, 133, 0, 3553, 10),
(1888, 'SANTA LUCIA-LOTE 18', 82, 133, 0, 3553, 10),
(1889, 'PJE EL 17', 82, 133, 0, 3553, 10),
(1890, 'CAMPO EL 94', 82, 98, 0, 3553, 10),
(1891, 'SANTA LUCIA - PJE. EL CERRITO', 82, 133, 3483, 3553, 10),
(1892, 'CAMPO DURAN', 82, 133, 0, 3553, 10),
(1893, 'COLONIA DURAN', 82, 98, 0, 3553, 10),
(1894, 'KILOMETRO 70', 82, 133, 0, 3553, 10),
(1895, 'COSTA DEL TOBA', 82, 98, 0, 3553, 10),
(1896, 'FORTIN CHILCAS', 82, 133, 3483, 3553, 10),
(1897, 'FORTIN OLMOS', 82, 133, 3483, 3553, 10),
(1898, 'PARAJE 29', 82, 133, 3482, 3553, 10),
(1899, 'CAMPO BERLI-COSTA DEL TOBA', 82, 98, 0, 3553, 10),
(1900, 'COLONIA SAGER', 82, 98, 0, 3553, 10),
(1901, 'COLONIA SAN ROQUE', 82, 98, 0, 3553, 10),
(1902, 'KILOMETRO 89', 82, 133, 3483, 3553, 10),
(1903, 'LOS CHARABONES', 82, 133, 0, 3553, 10),
(1904, 'PARAJE KM. 48', 82, 133, 0, 3553, 10),
(1905, 'PARAJE EL HISTORICO', 82, 133, 0, 3553, 10),
(1906, 'KM.71 OESTE-SANTA LUCIA', 82, 133, 3483, 3553, 10),
(1907, 'EL CERETTI', 82, 133, 0, 3553, 10),
(1908, 'EL CAMPANAL', 82, 133, 0, 3553, 10),
(1909, 'SANTA LUCIA-LOTE 12', 82, 133, 0, 3553, 10),
(1910, 'PARAJE EL CHAQAR', 82, 133, 0, 3553, 10),
(1911, 'COLONIA DURAN Z.RURAL', 82, 98, 3482, 3553, 10),
(1912, 'SANTA LUCIA-LOTE 34', 82, 133, 3482, 3553, 10),
(1913, 'CAMPO HUBER', 82, 98, 0, 3555, 10),
(1914, 'LA LOMA', 82, 98, 0, 3555, 10),
(1915, 'EL GUSANO', 82, 98, 0, 3555, 10),
(1916, 'LOS CUERVOS', 82, 98, 0, 3555, 10),
(1917, 'NUEVA ROMANG', 82, 98, 0, 3555, 10),
(1918, 'ROMANG', 82, 98, 3482, 3555, 10),
(1919, 'COLONIA WINGEYER', 82, 98, 0, 3555, 10),
(1920, 'CAMPO KAUFMANN-COL.N.ROMANG', 82, 98, 0, 3555, 10),
(1921, 'EL CEIBO', 82, 98, 0, 3555, 10),
(1922, 'CAMPO EL ALTAUS', 82, 98, 0, 3555, 10),
(1923, 'COLONIA ROMANG', 82, 98, 0, 3555, 10),
(1924, 'ESPIN-CAMPO EL SEGHESSO', 82, 133, 0, 3556, 10),
(1925, 'CARAGUATAY', 82, 133, 0, 3557, 10),
(1926, 'EL PALMAR', 82, 133, 0, 3557, 10),
(1927, 'MONTE CARLOS', 82, 49, 3482, 3560, 10),
(1928, 'LA ESMERALDA', 82, 84, 0, 3560, 10),
(1929, 'RECONQUISTA', 82, 49, 3482, 3560, 10),
(1930, 'BARRIO CHAPERO', 82, 49, 0, 3560, 10),
(1931, 'BARRIO EL MATADERO', 82, 49, 0, 3560, 10),
(1932, 'BARRIO MORENO', 82, 49, 0, 3560, 10),
(1933, 'PARAJE LA CAROLA', 82, 49, 0, 3560, 10),
(1934, 'CAMPO LA GORITZIA', 82, 49, 0, 3560, 10),
(1935, 'CAMPO LEONHARD', 82, 49, 3482, 3560, 10),
(1936, 'COLONIA LA CELIA', 82, 49, 3482, 3560, 10),
(1937, 'COLONIA LA LOLA', 82, 49, 0, 3560, 10),
(1938, 'EST. LOS ANGELES', 82, 49, 0, 3560, 10),
(1939, 'LAS AMINTAS', 82, 49, 0, 3560, 10),
(1940, 'LA VANGUARDIA-EST. LOS ANGELES', 82, 49, 0, 3560, 10),
(1941, 'COLONIA RECONQUISTA', 82, 49, 3498, 3560, 10),
(1942, 'AVELLANEDA', 82, 49, 3482, 3561, 10),
(1943, 'EL CARMEN DE AVELLANEDA', 82, 49, 3482, 3561, 10),
(1944, 'EL TIMBO', 82, 49, 0, 3561, 10),
(1945, 'PJE LA COLMENA-CPO. PERESON', 82, 49, 3482, 3561, 10),
(1946, 'EWALD', 82, 49, 0, 3561, 10),
(1947, 'MOUSSY', 82, 49, 3482, 3561, 10),
(1948, 'LA VANGUARDIA', 82, 49, 0, 3561, 10),
(1949, 'PARAJE EL UNO', 82, 49, 0, 3561, 10),
(1950, 'LA COLMENA-DTO.GRAL OBLIGADO', 82, 49, 0, 3561, 10),
(1951, 'PARAJE LA VERTIENTE', 82, 49, 0, 3561, 10),
(1952, 'PJE. LA CAROLA', 82, 49, 0, 3563, 10),
(1953, 'EL ARAZA', 82, 49, 3482, 3563, 10),
(1954, 'LA POTASA', 82, 49, 3482, 3563, 10),
(1955, 'NICANOR E MOLINAS', 82, 49, 0, 3563, 10),
(1956, 'VICTOR MANUEL II', 82, 49, 3482, 3563, 10),
(1957, 'LA SARITA DPTO GEN. OBLIGADO', 82, 49, 0, 3563, 10),
(1958, 'COLONIA SAN MANUEL', 82, 49, 3482, 3563, 10),
(1959, 'ESTANCIA LOS CLAROS', 82, 133, 0, 3563, 10),
(1960, 'COLONIA MARIA SELVA', 82, 49, 0, 3563, 10),
(1961, 'PJE. EL UNO', 82, 49, 0, 3563, 10),
(1962, 'CAMPO CORTI (NICANOR MOLINAS)', 82, 49, 0, 3563, 10),
(1963, 'LA SELVA-EL ARAZA', 82, 49, 0, 3563, 10),
(1964, 'LOS CLAROS-LA SARITA', 82, 133, 0, 3563, 10),
(1965, 'ARROYO DEL REY', 82, 49, 3482, 3565, 10),
(1966, 'EL TAJAMAR', 82, 133, 0, 3565, 10),
(1967, 'FLORIDA', 82, 133, 0, 3565, 10),
(1968, 'EL TAJAMAR-KM 17', 82, 133, 0, 3565, 10),
(1969, 'TARTAGAL', 82, 133, 3482, 3565, 10),
(1970, 'CAMPO MARIA ROSA', 82, 49, 0, 3565, 10),
(1971, 'LA JOSEFINA', 82, 133, 3492, 3565, 10),
(1972, 'KILOMETRO 14-EL TAJAMAR', 82, 49, 0, 3565, 10),
(1973, 'LOS LAURELES', 82, 49, 3482, 3567, 10),
(1974, 'PUERTO RECONQUISTA', 82, 49, 3482, 3567, 10),
(1975, 'CAMPO MENDOZA', 82, 49, 0, 3567, 10),
(1976, 'LAS PALMAS', 82, 49, 3482, 3567, 10),
(1977, 'COLONIA LOS LAURELES', 82, 49, 0, 3567, 10),
(1978, 'LA ESMERALDA DPTO. G.OBLIGADO', 82, 49, 0, 3567, 10),
(1979, 'BERNA', 82, 49, 3482, 3569, 10),
(1980, 'CAMPO EL ARAZA', 82, 49, 0, 3569, 10),
(1981, 'DR. BARROS PAZOS', 82, 49, 0, 3569, 10),
(1982, 'CAMPO LA CELIA', 82, 49, 0, 3569, 10),
(1983, 'CAMPO RAMSEYER', 82, 49, 0, 3572, 10),
(1984, 'COLONIA ALTHAUS', 82, 49, 0, 3572, 10),
(1985, 'PJE. EL RICARDITO', 82, 49, 0, 3572, 10),
(1986, 'LA CATALINA', 82, 49, 0, 3572, 10),
(1987, 'MALABRIGO', 82, 49, 3482, 3572, 10),
(1988, 'CAMPO MOSCHEN', 82, 49, 0, 3572, 10),
(1989, 'LA DIAMELA', 82, 49, 0, 3572, 10),
(1990, 'CAMPO FURRER', 82, 49, 0, 3572, 10),
(1991, 'CAMPO MAGNAGO', 82, 49, 0, 3572, 10),
(1992, 'CAMPO BRESSAN', 82, 49, 0, 3572, 10),
(1993, 'CAMPO RANSEYER', 82, 49, 0, 3572, 10),
(1994, 'CAMPO STIRNEMANN', 82, 49, 0, 3572, 10),
(1995, 'CAMPO FABRO', 82, 49, 0, 3572, 10),
(1996, 'COLONIA MALABRIGO', 82, 49, 3482, 3572, 10),
(1997, 'GUADALUPE NORTE', 82, 49, 3482, 3574, 10),
(1998, 'LAS GARZAS', 82, 49, 3482, 3574, 10),
(1999, 'ISLA EL COCAL', 82, 49, 0, 3574, 10),
(2000, 'COLONIA LAS GARCITAS', 82, 49, 3482, 3574, 10),
(2001, 'PASO VILLANUEVA', 82, 49, 0, 3574, 10),
(2002, 'ARROYO CEIBAL', 82, 49, 3482, 3575, 10),
(2003, 'SANTA ANA-CAMPO GRANDE', 82, 49, 0, 3575, 10),
(2004, 'ISLA EL CISNE', 82, 49, 0, 3575, 10),
(2005, 'EL TAPIALITO', 82, 49, 0, 3575, 10),
(2006, 'FLOR DE ORO', 82, 49, 0, 3575, 10),
(2007, 'LANTERI', 82, 49, 3482, 3575, 10),
(2008, 'LOS LAPACHOS', 82, 49, 0, 3575, 10),
(2009, 'SANTA ANA', 82, 49, 3482, 3575, 10),
(2010, 'LAS CLARITAS', 82, 49, 0, 3575, 10),
(2011, 'CAMPO SAGER', 82, 49, 0, 3575, 10),
(2012, 'ING CHANOURDIE', 82, 49, 3482, 3575, 10),
(2013, 'TRES BOCAS', 82, 49, 3482, 3575, 10),
(2014, 'TRES ISLETAS', 82, 49, 0, 3575, 10),
(2015, 'CAMPO UBAJO', 82, 49, 0, 3575, 10),
(2016, 'CAMPO BONAZZOLA', 82, 49, 0, 3575, 10),
(2017, 'FORTIN ARENALES', 82, 49, 0, 3575, 10),
(2018, 'PJE LA BRITANICA', 82, 49, 0, 3575, 10),
(2019, 'PJE LAS TAPERITAS', 82, 49, 0, 3575, 10),
(2020, 'CPO. 7 PROVINCIAS', 82, 49, 3482, 3575, 10),
(2021, 'PUERTO OCAMPO', 82, 49, 0, 3580, 10),
(2022, 'SAN VICENTE (DTO.GRAL.OBLIGADO)', 82, 49, 3492, 3580, 10),
(2023, 'VILLA OCAMPO', 82, 49, 3482, 3580, 10),
(2024, 'CAMPO BELLO', 82, 49, 3482, 3580, 10),
(2025, 'ISLETA', 82, 49, 0, 3580, 10),
(2026, 'CAMPO EL PIAVE', 82, 49, 3482, 3580, 10),
(2027, 'CAMPO YACCUZI', 82, 49, 0, 3580, 10),
(2028, 'CAMPO PICOLI', 82, 49, 3482, 3580, 10),
(2029, 'RINCON DE AMORES', 82, 49, 3482, 3580, 10),
(2030, 'CPO FANTIN', 82, 49, 3482, 3580, 10),
(2031, 'CAMPO MEJIAS', 82, 49, 0, 3580, 10),
(2032, 'CPO. BELLO NORTE', 82, 49, 0, 3580, 10),
(2033, 'LA RESERVA', 82, 49, 0, 3580, 10),
(2034, 'DESVIO KM. 407', 82, 49, 3482, 3580, 10),
(2035, 'CAMPO REDONDO', 82, 49, 0, 3581, 10),
(2036, 'ESTACION VILLA ANA', 82, 49, 0, 3581, 10),
(2037, 'KILOMETRO 36', 82, 49, 0, 3581, 10),
(2038, 'KILOMETRO 41', 82, 49, 3482, 3581, 10),
(2039, 'MOCOVI', 82, 49, 0, 3581, 10),
(2040, 'VILLA ADELA', 82, 49, 3482, 3581, 10),
(2041, 'GUASUNCHOS', 82, 49, 3482, 3581, 10),
(2042, 'LA RESERVA-LA ISOLINA', 82, 49, 0, 3581, 10),
(2043, 'PARAJE KILOMETRO 19-VILLA ANA', 82, 49, 0, 3583, 10),
(2044, 'VILLA ANA', 82, 49, 3482, 3583, 10),
(2045, 'EL AMARGO', 82, 49, 0, 3583, 10),
(2046, 'KILOMETRO 19', 82, 49, 0, 3583, 10),
(2047, 'DESV. KILOMETRO 67', 82, 49, 0, 3583, 10),
(2048, 'EL SOMBRERITO', 82, 49, 3482, 3585, 10),
(2049, 'KILOMETRO 403', 82, 49, 0, 3585, 10),
(2050, 'PJE COSTA RICA', 82, 49, 3482, 3585, 10),
(2051, 'CAMPO MORZAN', 82, 49, 0, 3585, 10),
(2052, 'ISLA CERRO HUESO', 82, 49, 0, 3585, 10),
(2053, 'COLONIA EL SOMBRERITO', 82, 49, 3482, 3585, 10),
(2054, 'PAUL GROUSSAC', 82, 49, 0, 3585, 10),
(2055, 'LAS TOSCAS', 82, 49, 3482, 3586, 10),
(2056, 'COLONIA YAGUARETE', 82, 49, 3482, 3586, 10),
(2057, 'CAMPO FIANT', 82, 49, 0, 3586, 10),
(2058, 'CAMPO WINKLER', 82, 49, 3776, 3586, 10),
(2059, 'TACUARENDI', 82, 49, 3482, 3587, 10),
(2060, 'LA HORTENSIA', 82, 49, 3776, 3587, 10),
(2061, 'SAN ANTONIO DE OBLIGADO', 82, 49, 3482, 3587, 10),
(2062, 'COLONIA TACUARENDI', 82, 49, 3482, 3587, 10),
(2063, 'KILOMETRO 49', 82, 49, 0, 3589, 10),
(2064, 'OBRAJE SAN JUAN', 82, 49, 0, 3589, 10),
(2065, 'VILLA GUILLERMINA', 82, 49, 3482, 3589, 10),
(2066, 'VILLA GILLERMINA Z. RURAL', 82, 49, 3482, 3589, 10),
(2067, 'COLONIA PILOTO', 82, 49, 0, 3589, 10),
(2068, 'PJE NOGUES', 82, 49, 0, 3589, 10),
(2069, 'RAMAL SAN JUAN-KM.12', 82, 49, 3482, 3589, 10),
(2070, 'PJE. KM. 54', 82, 49, 0, 3589, 10),
(2071, 'CAMPO HARDY', 82, 49, 3482, 3592, 10),
(2072, 'EL RABON', 82, 49, 3482, 3592, 10),
(2073, 'PJE EL EMPALME', 82, 49, 0, 3592, 10),
(2074, 'CAMPO STANGAFERRO-G.OBLIGADO', 82, 49, 3482, 3592, 10),
(2312, 'SAN MARCELO', 82, 42, 0, 6009, 10),
(2313, 'TEODELINA', 82, 42, 3462, 6009, 10),
(2314, 'CAMPO LA DELIA', 82, 42, 0, 6009, 10),
(2315, 'LA PANTANOSA', 82, 42, 3462, 6009, 10),
(2316, 'ESTANCIA SANTA JUANA', 82, 42, 3473, 6009, 10),
(2317, 'COLONIA TEODELINA', 82, 42, 3462, 6009, 10),
(2318, 'TEODELINA ZONA RURAL', 82, 42, 3462, 6009, 10),
(2319, 'DIEGO DE ALVEAR', 82, 42, 3382, 6036, 10),
(2320, 'LA PICASA', 82, 42, 0, 6036, 10),
(2321, 'COLONIA CHRISTOPHERSEN', 82, 42, 3462, 6039, 10),
(2322, 'ARGENTINA CHICA', 82, 42, 3382, 6039, 10),
(2323, 'CAMPANA', 82, 42, 0, 6039, 10),
(2324, 'RUFINO', 82, 42, 3382, 6100, 10),
(2325, 'COLONIA ALBERTENGO', 82, 42, 3382, 6100, 10),
(2326, 'COLONIA LA INES', 82, 42, 3382, 6100, 10),
(2327, 'COLONIA ENSANCHE', 82, 42, 3382, 6100, 10),
(2328, 'ESTACION TARRAGONA', 82, 42, 3382, 6100, 10),
(2329, 'PARAJE LA INVERNADA', 82, 42, 3382, 6100, 10),
(2331, 'AMENABAR', 82, 42, 3382, 6103, 10),
(2332, 'EST. AMENABAR', 82, 42, 0, 6103, 10),
(2333, 'COLONIA FALUCHO', 82, 42, 0, 6103, 10),
(2334, 'LA CONSTANCIA', 82, 7, 0, 6103, 10),
(2335, 'LAZZARINO', 82, 42, 3382, 6103, 10),
(2337, 'AARON CASTELLANOS', 82, 42, 3382, 6106, 10),
(2383, 'LA LOLA', 82, 49, 0, 3567, 10),
(2384, 'CAMPO LA ORIENTAL', 82, 7, 0, 2520, 10),
(2385, 'CAMPO RIVAROSA', 82, 21, 3492, 2405, 10),
(2386, 'HUMBERTO PRIMO - ZONA RURAL', 82, 21, 3493, 2309, 10),
(2387, 'SAN ANTONIO - ZONA RURAL', 82, 21, 3492, 2301, 10),
(2388, 'CAMPO SAN PEDRO', 82, 28, 2473, 2723, 10),
(2389, 'CAMPO MOTTO', 82, 28, 0, 2115, 10),
(2390, 'CAMPO LOS TROJES', 82, 42, 0, 2630, 10),
(2391, 'CAMPO LAS VASCAS', 82, 56, 0, 2500, 10),
(2392, 'CAMPO COLUSSI', 82, 70, 3404, 3013, 10),
(2393, 'CAMPO CAPELLO', 82, 70, 376, 3017, 10),
(2394, 'PROGRESO ZONA RURAL NORTE', 82, 70, 3497, 3023, 10),
(2395, 'EL USTONDO - ZONA RURAL', 82, 77, 0, 3060, 10),
(2396, 'PARAJE EL TUNALITO', 82, 77, 0, 3061, 10),
(2397, 'CAMPO EL PALMAR', 82, 77, 3491, 3060, 10),
(2398, 'CAMPO DON BOSCO', 82, 77, 0, 3060, 10),
(2399, 'PARAJE LA ESPERANZA - ZONA RURAL', 82, 91, 0, 2352, 10),
(2400, 'PARAJE EL COLONIAL', 82, 91, 0, 3076, 10),
(2401, 'HUANQUEROS OESTE', 82, 91, 3408, 3076, 10),
(2402, 'PARAJE LA CAMPESINA', 82, 91, 0, 2352, 10),
(2403, 'PARAJE ACHAVAL RODRIGUEZ', 82, 91, 0, 2352, 10),
(2404, 'PARAJE LAS PENCAS', 82, 105, 0, 2222, 10),
(2405, 'RUTA 65 - ZONA RURAL', 82, 105, 0, 2147, 10),
(2406, 'ESTANCIA LA MARGARITA', 82, 77, 0, 3060, 10),
(2407, 'LOS PALMARES', 82, 133, 0, 3057, 10),
(2408, 'ARROYO LEYES', 82, 63, 0, 3001, 10),
(2412, 'COLONIA AREQUITO', 82, 14, 0, 2183, 10),
(2414, 'CAMPO PUERTA', 82, 49, 0, 3516, 10),
(2415, 'COLONIA SAN RAFAEL', 82, 91, 0, 2344, 10),
(2416, 'COLONIA DOLORES', 82, 112, 0, 3044, 10),
(2418, 'SANTO TOME', 82, 63, 342, 6300, 10),
(2419, 'SANTA FE', 82, 63, 342, 3018, 10),
(3941, 'PJE. KM.12 -DISTRITO TOBA', 82, 133, 0, 3551, 10),
(3969, 'KILOMETRO 50', 82, 133, 0, 3350, 10),
(5179, 'PARAJE LA CIGUE', 82, 133, 0, 3550, 10),
(5180, 'ESTANCIA EL PELUDO', 82, 133, 0, 3057, 10),
(5181, 'PARAJE LAS CHU', 82, 77, 0, 3061, 10),
(5182, 'CAMPO RODRIGUEZ GALISTEO', 82, 70, 0, 2258, 10),
(5183, 'PARAJE CORONEL RODRIGUEZ', 82, 70, 0, 2258, 10),
(5184, 'CAMPO YOSSEN-SANTA ROSA', 82, 35, 0, 3022, 10),
(5185, 'PARAJE KM 38', 82, 133, 0, 3550, 10),
(5186, 'LOTE 184 CU', 82, 133, 0, 3550, 10),
(5187, 'EL SOMBRERITO', 82, 49, 0, 3585, 10),
(5188, 'LOTE 194 KM 38', 82, 133, 0, 3557, 10),
(5189, 'PARAJE EL CIERVO - ESPIN', 82, 133, 0, 3556, 10),
(5190, 'COLONIA MAUA', 82, 21, 0, 2311, 10),
(5229, 'CAMPO MARCHETTI', 82, 133, 0, 3553, 10),
(5230, 'COL. SAN JOSE - LOGRO', 82, 77, 0, 3075, 10),
(5231, 'CLASON', 82, 56, 0, 2144, 10),
(5279, 'PARAJE KM 17', 82, 133, 0, 3551, 10),
(5280, 'CHRISTOPHERSEN', 82, 42, 0, 2611, 10),
(5281, 'CAPILLA VOTTERO', 82, 21, 0, 2403, 10),
(5282, 'SAN JORGE (ZONA RURAL)', 82, 126, 0, 2451, 10),
(5283, 'PARAJE KM 71', 82, 133, 0, 3553, 10),
(5284, 'SANETI SPIRITU', 82, 42, 0, 2617, 10),
(5329, 'VERA', 82, 133, 0, 3550, 10),
(5330, 'ESPERANZA', 82, 70, 0, 3080, 10),
(5331, 'RAFAELA', 82, 21, 0, 2300, 10),
(5332, 'VENADO TUERTO', 82, 42, 0, 2600, 10),
(5333, 'BUSTINZA', 82, 56, 0, 2501, 10),
(5334, 'ARROYO CEIBAL', 82, 49, 0, 3575, 10),
(5335, 'CA', 82, 56, 0, 2500, 10),
(5336, 'PARAJE KM 109', 82, 133, 0, 3551, 10),
(5337, 'SANTA FE', 82, 63, 0, 3000, 10),
(5338, 'LEHMANN', 82, 21, 0, 2305, 10),
(5339, 'EL RABON', 82, 49, 0, 3592, 10),
(5340, 'BERNA', 82, 49, 0, 3569, 10),
(5341, 'EL TREBOL', 82, 126, 0, 2535, 10),
(5342, 'LOS CARDOS', 82, 126, 0, 2533, 10),
(5343, 'SAN CRISTOBAL', 82, 91, 0, 3070, 10),
(5344, 'MOISES VILLE', 82, 91, 0, 2313, 10),
(5345, 'RUFINO', 82, 42, 0, 6100, 10),
(5346, 'VILLA TRINIDAD', 82, 91, 0, 2345, 10),
(5347, 'COLONIA MASCIAS (ZONA RURAL)', 82, 35, 0, 3001, 10),
(5348, 'COLONIA ANGELONI', 82, 112, 0, 3048, 10),
(5349, 'KILOMETRO 19-LOS TABANOS', 82, 133, 0, 3583, 10),
(5350, 'SAN GENARO', 82, 105, 0, 2146, 10),
(5379, 'LEHMANN (ZONA RURAL)', 82, 21, 0, 2305, 10),
(5380, 'SUNCHALES (ZONA RURAL)', 82, 21, 0, 2322, 10),
(5381, 'COLONIA LA CALIFORNIA', 82, 7, 0, 2520, 10),
(5382, 'CHRISTOPHERSEN', 82, 42, 0, 2611, 10),
(5383, 'CAMPO MARIA ROSA - TARTAGAL', 82, 133, 0, 3565, 10),
(5384, 'PARAJE LA COLMENA (AVELLANEDA)', 82, 49, 0, 3561, 10),
(5385, 'PJE. LA JOSEFINA (TARTAGAL)', 82, 133, 0, 3565, 10),
(5386, 'CAMPO PICCOLI', 82, 49, 0, 3580, 10),
(5387, 'LA HORTENSIA - TACUARENDI', 82, 49, 0, 3587, 10),
(5388, 'PJE. LA ISOLINA - VILLA ANA', 82, 49, 0, 3583, 10),
(5389, 'LAS MERCEDES (SOLEDAD)', 82, 91, 0, 3025, 10),
(5429, 'BERABEVU', 82, 14, 0, 2639, 10),
(5430, 'SANTA ROSA DE CALCHINES', 82, 35, 0, 3022, 10),
(5431, 'CAMPO PUERTA-FLORENCIA', 82, 49, 0, 3516, 10),
(5432, 'PARAJE LOS CUERVOS', 82, 98, 0, 3555, 10),
(5433, 'PARAJE KILOMETRO 115', 82, 133, 0, 3551, 10),
(5434, 'LA PETRONILA', 82, 91, 0, 3046, 10),
(5479, 'PARAJE KM 109', 82, 133, 0, 3551, 10),
(5480, 'CHRISTOPHERSEN', 82, 42, 0, 2611, 10),
(5481, 'CAMPO CRESPO (MONTE VERA) -SANTA FE', 82, 63, 0, 3018, 10),
(5482, 'PASAJE EL AMARGO - VILLA ANA', 82, 49, 0, 3583, 10),
(5530, 'COLONIA SAN JOSE', 82, 70, 0, 3016, 10),
(5531, 'PARAJE KM. 12', 82, 133, 0, 3551, 10),
(5532, 'VENADO TUERTO - ZONA RURAL', 82, 42, 0, 2600, 10),
(5533, 'BAVER Y SIGUEL', 82, 21, 0, 2403, 10),
(5534, 'PARAJE VISCACHERAS', 82, 91, 0, 3070, 10),
(5601, 'CAMPO GAITAN-SANTA FE', 82, 105, 0, 2148, 10),
(5602, 'PARAJE CUATRO ESQUINAS', 82, 84, 0, 2109, 10),
(5803, 'COLONIA TERESA', 82, 98, 0, 3005, 10),
(5903, 'DESVIO KM 213 CALCHAQUI', 82, 133, 0, 3050, 10),
(5904, 'COLONIA CLARA SUD', 82, 91, 0, 3029, 10),
(5905, 'PARAJE MONTE NEGRO - INTIYACO', 82, 133, 0, 3551, 10),
(5906, 'ISLA GUAYCURU - LAS GARZAS', 82, 49, 0, 3574, 10),
(5907, 'EMPALME VILLA CONSTITUCION', 82, 28, 3400, 2918, 10),
(6008, 'PARAJE LAS CA', 82, 35, 0, 3046, 10),
(6309, 'PUERTO SAN MARTIN', 82, 119, 0, 2202, 10),
(6709, 'CAMPO ROBLEDO', 82, 133, 0, 3550, 10),
(6710, 'SAN AGUSTIN', 82, 70, 0, 3017, 10),
(7708, 'PJE. KM.12 -DISTRITO TOBA', 82, 133, 0, 3551, 10),
(7711, 'LUIS PALACIOS', 82, 119, 0, 2142, 10),
(7785, 'LAS CATALINAS', 82, 98, 0, 3560, 10),
(13925, 'PARAJE KILOMETRO 12 - DISTRITO TOBA', 82, 133, 0, -265, 11);

-- --------------------------------------------------------

--
-- Estructura de tabla para la tabla `provincia`
--

CREATE TABLE IF NOT EXISTS `provincia` (
  `id_provincia` smallint(6) NOT NULL,
  `provincia` varchar(60) NOT NULL,
  PRIMARY KEY (`id_provincia`)
) ENGINE=InnoDB DEFAULT CHARSET=utf8;

--
-- Volcado de datos para la tabla `provincia`
--

INSERT INTO `provincia` (`id_provincia`, `provincia`) VALUES
(2, 'CAPITAL FEDERAL                         '),
(6, 'BUENOS AIRES                            '),
(10, 'CATAMARCA                               '),
(14, 'CORDOBA                                 '),
(18, 'CORRIENTES                              '),
(22, 'CHACO                                   '),
(26, 'CHUBUT                                  '),
(30, 'ENTRE RIOS                              '),
(34, 'FORMOSA                                 '),
(38, 'JUJUY                                   '),
(42, 'LA PAMPA                                '),
(46, 'LA RIOJA                                '),
(50, 'MENDOZA                                 '),
(54, 'MISIONES                                '),
(58, 'NEUQUEN                                 '),
(62, 'RIO NEGRO                               '),
(66, 'SALTA                                   '),
(70, 'SAN JUAN                                '),
(74, 'SAN LUIS                                '),
(78, 'SANTA CRUZ                              '),
(82, 'SANTA FE                                '),
(86, 'SANTIAGO DEL ESTERO                     '),
(90, 'TUCUMAN                                 '),
(94, 'TIERRA DEL FUEGO                        '),
(98, 'INDETERMINADO                           '),
(99, 'SIN DECLARAR                            ');

--
-- Restricciones para tablas volcadas
--

--
-- Filtros para la tabla `departamento`
--
ALTER TABLE `departamento`
  ADD CONSTRAINT `provincia_departamento` FOREIGN KEY (`id_provincia`) REFERENCES `provincia` (`id_provincia`);

--
-- Filtros para la tabla `localidad`
--
ALTER TABLE `localidad`
  ADD CONSTRAINT `localidad_departamento` FOREIGN KEY (`id_departamento`) REFERENCES `departamento` (`id_departamento`),
  ADD CONSTRAINT `localidad_provincia` FOREIGN KEY (`id_provincia`) REFERENCES `provincia` (`id_provincia`);

/*!40101 SET CHARACTER_SET_CLIENT=@OLD_CHARACTER_SET_CLIENT */;
/*!40101 SET CHARACTER_SET_RESULTS=@OLD_CHARACTER_SET_RESULTS */;
/*!40101 SET COLLATION_CONNECTION=@OLD_COLLATION_CONNECTION */;
